WARN Ignoring non-directory workspace member: `/Users/liuxingwang/go/src/dify-plus/api/providers/vdb/README.md`
WARN Ignoring non-directory workspace member: `/Users/liuxingwang/go/src/dify-plus/api/providers/vdb/conftest.py`
WARN Ignoring non-directory workspace member: `/Users/liuxingwang/go/src/dify-plus/api/providers/trace/README.md`
============================= test session starts ==============================
platform darwin -- Python 3.12.9, pytest-9.1.1, pluggy-1.6.0
rootdir: /Users/liuxingwang/go/src/dify-plus/api
configfile: pytest.ini
plugins: mock-3.15.1, cov-7.1.0, Faker-40.38.0, anyio-4.14.1, xdist-3.8.0, timeout-2.4.0, opik-1.11.2, langsmith-0.8.18, env-1.7.0, hypothesis-6.167.1
timeout: 60.0s
timeout method: signal
timeout func_only: False
collected 78 items

api/tests/unit_tests/controllers/web/test_webapp_passport_scope_extend.py E [  1%]
EEEEEEEEEEEEEEEEEEEEEEEEE                                                [ 33%]
api/tests/unit_tests/controllers/web/test_wraps.py ...                   [ 37%]
api/tests/unit_tests/controllers/web/test_web_passport.py .....          [ 43%]
api/tests/unit_tests/controllers/web/test_webapp_auth_switch_extend.py . [ 44%]
...............................                                          [ 84%]
api/tests/unit_tests/libs/test_passport.py ............                  [100%]

==================================== ERRORS ====================================
_ ERROR at setup of test_same_app_passport_resolves_real_app_and_anonymous_browser_user[header-0] _

self = <sqlalchemy.engine.base.Connection object at 0x12e8f3260>
dialect = <sqlalchemy.dialects.sqlite.pysqlite.SQLiteDialect_pysqlite object at 0x12e707d10>
context = <sqlalchemy.dialects.sqlite.base.SQLiteExecutionContext object at 0x12ec5db50>
statement = <sqlalchemy.dialects.sqlite.base.SQLiteCompiler object at 0x12ec33da0>
parameters = [('e900d342-e6df-4cb9-9dd1-ccb7f448e9b1', '670f4e44-fe97-49b4-8f2a-7c46cd1a5712', 'Scope completion', 'completion', None, None, ...)]

    def _exec_single_context(
        self,
        dialect: Dialect,
        context: ExecutionContext,
        statement: Union[str, Compiled],
        parameters: Optional[_AnyMultiExecuteParams],
    ) -> CursorResult[Any]:
        """continue the _execute_context() method for a single DBAPI
        cursor.execute() or cursor.executemany() call.
    
        """
        if dialect.bind_typing is BindTyping.SETINPUTSIZES:
            generic_setinputsizes = context._prepare_set_input_sizes()
    
            if generic_setinputsizes:
                try:
                    dialect.do_set_input_sizes(
                        context.cursor, generic_setinputsizes, context
                    )
                except BaseException as e:
                    self._handle_dbapi_exception(
                        e, str(statement), parameters, None, context
                    )
    
        cursor, str_statement, parameters = (
            context.cursor,
            context.statement,
            context.parameters,
        )
    
        effective_parameters: Optional[_AnyExecuteParams]
    
        if not context.executemany:
            effective_parameters = parameters[0]
        else:
            effective_parameters = parameters
    
        if self._has_events or self.engine._has_events:
            for fn in self.dispatch.before_cursor_execute:
                str_statement, effective_parameters = fn(
                    self,
                    cursor,
                    str_statement,
                    effective_parameters,
                    context,
                    context.executemany,
                )
    
        if self._echo:
            self._log_info(str_statement)
    
            stats = context._get_cache_stats()
    
            if not self.engine.hide_parameters:
                self._log_info(
                    "[%s] %r",
                    stats,
                    sql_util._repr_params(
                        effective_parameters,
                        batches=10,
                        ismulti=context.executemany,
                    ),
                )
            else:
                self._log_info(
                    "[%s] [SQL parameters hidden due to hide_parameters=True]",
                    stats,
                )
    
        evt_handled: bool = False
        try:
            if context.execute_style is ExecuteStyle.EXECUTEMANY:
                effective_parameters = cast(
                    "_CoreMultiExecuteParams", effective_parameters
                )
                if self.dialect._has_events:
                    for fn in self.dialect.dispatch.do_executemany:
                        if fn(
                            cursor,
                            str_statement,
                            effective_parameters,
                            context,
                        ):
                            evt_handled = True
                            break
                if not evt_handled:
                    self.dialect.do_executemany(
                        cursor,
                        str_statement,
                        effective_parameters,
                        context,
                    )
            elif not effective_parameters and context.no_parameters:
                if self.dialect._has_events:
                    for fn in self.dialect.dispatch.do_execute_no_params:
                        if fn(cursor, str_statement, context):
                            evt_handled = True
                            break
                if not evt_handled:
                    self.dialect.do_execute_no_params(
                        cursor, str_statement, context
                    )
            else:
                effective_parameters = cast(
                    "_CoreSingleExecuteParams", effective_parameters
                )
                if self.dialect._has_events:
                    for fn in self.dialect.dispatch.do_execute:
                        if fn(
                            cursor,
                            str_statement,
                            effective_parameters,
                            context,
                        ):
                            evt_handled = True
                            break
                if not evt_handled:
>                   self.dialect.do_execute(
                        cursor, str_statement, effective_parameters, context
                    )

/private/tmp/dify-m02-python-complete/lib/python3.12/site-packages/sqlalchemy/engine/base.py:1967: 
_ _ _ _ _ _ _ _ _ _ _ _ _ _ _ _ _ _ _ _ _ _ _ _ _ _ _ _ _ _ _ _ _ _ _ _ _ _ _ _ 

self = <sqlalchemy.dialects.sqlite.pysqlite.SQLiteDialect_pysqlite object at 0x12e707d10>
cursor = <sqlite3.Cursor object at 0x12ec3f0c0>
statement = 'INSERT INTO apps (id, tenant_id, name, description, mode, icon_type, icon, icon_background, app_model_config_id, work...RNING description, api_rpm, api_rph, is_demo, is_public, is_universal, created_at, updated_at, use_icon_as_answer_icon'
parameters = ('e900d342-e6df-4cb9-9dd1-ccb7f448e9b1', '670f4e44-fe97-49b4-8f2a-7c46cd1a5712', 'Scope completion', 'completion', None, None, ...)
context = <sqlalchemy.dialects.sqlite.base.SQLiteExecutionContext object at 0x12ec5db50>

    def do_execute(self, cursor, statement, parameters, context=None):
>       cursor.execute(statement, parameters)
E       sqlite3.IntegrityError: NOT NULL constraint failed: apps.enable_api

/private/tmp/dify-m02-python-complete/lib/python3.12/site-packages/sqlalchemy/engine/default.py:952: IntegrityError

The above exception was the direct cause of the following exception:

sqlite_session = <sqlalchemy.orm.session.Session object at 0x12e67aea0>
config_overrides = <function config_overrides.<locals>.apply at 0x12e79e2a0>
monkeypatch = <_pytest.monkeypatch.MonkeyPatch object at 0x12e704980>

    @pytest.fixture
    def passport_apps(sqlite_session: Session, config_overrides, monkeypatch):
        config_overrides(SECRET_KEY="synthetic-webapp-scope-test-key")
        monkeypatch.setattr(wraps.SystemFeatureService, "is_webapp_auth_enabled", lambda: False)
        fixtures = []
        for mode in (AppMode.COMPLETION, AppMode.CHAT, AppMode.WORKFLOW):
            app = App(tenant_id=str(uuid4()), name=f"Scope {mode.value}", mode=mode.value, enable_site=True)
            sqlite_session.add(app)
>           sqlite_session.flush()

api/tests/unit_tests/controllers/web/test_webapp_passport_scope_extend.py:28: 
_ _ _ _ _ _ _ _ _ _ _ _ _ _ _ _ _ _ _ _ _ _ _ _ _ _ _ _ _ _ _ _ _ _ _ _ _ _ _ _ 
/private/tmp/dify-m02-python-complete/lib/python3.12/site-packages/sqlalchemy/orm/session.py:4331: in flush
    self._flush(objects)
/private/tmp/dify-m02-python-complete/lib/python3.12/site-packages/sqlalchemy/orm/session.py:4466: in _flush
    with util.safe_reraise():
         ^^^^^^^^^^^^^^^^^^^
/private/tmp/dify-m02-python-complete/lib/python3.12/site-packages/sqlalchemy/util/langhelpers.py:121: in __exit__
    raise exc_value.with_traceback(exc_tb)
/private/tmp/dify-m02-python-complete/lib/python3.12/site-packages/sqlalchemy/orm/session.py:4427: in _flush
    flush_context.execute()
/private/tmp/dify-m02-python-complete/lib/python3.12/site-packages/sqlalchemy/orm/unitofwork.py:466: in execute
    rec.execute(self)
/private/tmp/dify-m02-python-complete/lib/python3.12/site-packages/sqlalchemy/orm/unitofwork.py:642: in execute
    util.preloaded.orm_persistence.save_obj(
/private/tmp/dify-m02-python-complete/lib/python3.12/site-packages/sqlalchemy/orm/persistence.py:93: in save_obj
    _emit_insert_statements(
/private/tmp/dify-m02-python-complete/lib/python3.12/site-packages/sqlalchemy/orm/persistence.py:1233: in _emit_insert_statements
    result = connection.execute(
/private/tmp/dify-m02-python-complete/lib/python3.12/site-packages/sqlalchemy/engine/base.py:1419: in execute
    return meth(
/private/tmp/dify-m02-python-complete/lib/python3.12/site-packages/sqlalchemy/sql/elements.py:527: in _execute_on_connection
    return connection._execute_clauseelement(
/private/tmp/dify-m02-python-complete/lib/python3.12/site-packages/sqlalchemy/engine/base.py:1641: in _execute_clauseelement
    ret = self._execute_context(
/private/tmp/dify-m02-python-complete/lib/python3.12/site-packages/sqlalchemy/engine/base.py:1846: in _execute_context
    return self._exec_single_context(
/private/tmp/dify-m02-python-complete/lib/python3.12/site-packages/sqlalchemy/engine/base.py:1986: in _exec_single_context
    self._handle_dbapi_exception(
/private/tmp/dify-m02-python-complete/lib/python3.12/site-packages/sqlalchemy/engine/base.py:2363: in _handle_dbapi_exception
    raise sqlalchemy_exception.with_traceback(exc_info[2]) from e
/private/tmp/dify-m02-python-complete/lib/python3.12/site-packages/sqlalchemy/engine/base.py:1967: in _exec_single_context
    self.dialect.do_execute(
_ _ _ _ _ _ _ _ _ _ _ _ _ _ _ _ _ _ _ _ _ _ _ _ _ _ _ _ _ _ _ _ _ _ _ _ _ _ _ _ 

self = <sqlalchemy.dialects.sqlite.pysqlite.SQLiteDialect_pysqlite object at 0x12e707d10>
cursor = <sqlite3.Cursor object at 0x12ec3f0c0>
statement = 'INSERT INTO apps (id, tenant_id, name, description, mode, icon_type, icon, icon_background, app_model_config_id, work...RNING description, api_rpm, api_rph, is_demo, is_public, is_universal, created_at, updated_at, use_icon_as_answer_icon'
parameters = ('e900d342-e6df-4cb9-9dd1-ccb7f448e9b1', '670f4e44-fe97-49b4-8f2a-7c46cd1a5712', 'Scope completion', 'completion', None, None, ...)
context = <sqlalchemy.dialects.sqlite.base.SQLiteExecutionContext object at 0x12ec5db50>

    def do_execute(self, cursor, statement, parameters, context=None):
>       cursor.execute(statement, parameters)
E       sqlalchemy.exc.IntegrityError: (sqlite3.IntegrityError) NOT NULL constraint failed: apps.enable_api
E       [SQL: INSERT INTO apps (id, tenant_id, name, description, mode, icon_type, icon, icon_background, app_model_config_id, workflow_id, status, enable_site, enable_api, max_active_requests, tracing, created_by, maintainer, updated_by) VALUES (?, ?, ?, '', ?, ?, ?, ?, ?, ?, ?, ?, ?, ?, ?, ?, ?, ?) RETURNING description, api_rpm, api_rph, is_demo, is_public, is_universal, created_at, updated_at, use_icon_as_answer_icon]
E       [parameters: ('e900d342-e6df-4cb9-9dd1-ccb7f448e9b1', '670f4e44-fe97-49b4-8f2a-7c46cd1a5712', 'Scope completion', 'completion', None, None, None, None, None, 'normal', 1, None, None, None, None, None, None)]
E       (Background on this error at: https://sqlalche.me/e/20/gkpj)

/private/tmp/dify-m02-python-complete/lib/python3.12/site-packages/sqlalchemy/engine/default.py:952: IntegrityError
_ ERROR at setup of test_same_app_passport_resolves_real_app_and_anonymous_browser_user[header-1] _

self = <sqlalchemy.engine.base.Connection object at 0x12edba6c0>
dialect = <sqlalchemy.dialects.sqlite.pysqlite.SQLiteDialect_pysqlite object at 0x12edbb0b0>
context = <sqlalchemy.dialects.sqlite.base.SQLiteExecutionContext object at 0x12edbb3e0>
statement = <sqlalchemy.dialects.sqlite.base.SQLiteCompiler object at 0x12edbae70>
parameters = [('8dcadad9-58df-404e-9fc4-84e12d8e0ac0', 'a281a181-cfa6-4614-9c45-b53003f36e54', 'Scope completion', 'completion', None, None, ...)]

    def _exec_single_context(
        self,
        dialect: Dialect,
        context: ExecutionContext,
        statement: Union[str, Compiled],
        parameters: Optional[_AnyMultiExecuteParams],
    ) -> CursorResult[Any]:
        """continue the _execute_context() method for a single DBAPI
        cursor.execute() or cursor.executemany() call.
    
        """
        if dialect.bind_typing is BindTyping.SETINPUTSIZES:
            generic_setinputsizes = context._prepare_set_input_sizes()
    
            if generic_setinputsizes:
                try:
                    dialect.do_set_input_sizes(
                        context.cursor, generic_setinputsizes, context
                    )
                except BaseException as e:
                    self._handle_dbapi_exception(
                        e, str(statement), parameters, None, context
                    )
    
        cursor, str_statement, parameters = (
            context.cursor,
            context.statement,
            context.parameters,
        )
    
        effective_parameters: Optional[_AnyExecuteParams]
    
        if not context.executemany:
            effective_parameters = parameters[0]
        else:
            effective_parameters = parameters
    
        if self._has_events or self.engine._has_events:
            for fn in self.dispatch.before_cursor_execute:
                str_statement, effective_parameters = fn(
                    self,
                    cursor,
                    str_statement,
                    effective_parameters,
                    context,
                    context.executemany,
                )
    
        if self._echo:
            self._log_info(str_statement)
    
            stats = context._get_cache_stats()
    
            if not self.engine.hide_parameters:
                self._log_info(
                    "[%s] %r",
                    stats,
                    sql_util._repr_params(
                        effective_parameters,
                        batches=10,
                        ismulti=context.executemany,
                    ),
                )
            else:
                self._log_info(
                    "[%s] [SQL parameters hidden due to hide_parameters=True]",
                    stats,
                )
    
        evt_handled: bool = False
        try:
            if context.execute_style is ExecuteStyle.EXECUTEMANY:
                effective_parameters = cast(
                    "_CoreMultiExecuteParams", effective_parameters
                )
                if self.dialect._has_events:
                    for fn in self.dialect.dispatch.do_executemany:
                        if fn(
                            cursor,
                            str_statement,
                            effective_parameters,
                            context,
                        ):
                            evt_handled = True
                            break
                if not evt_handled:
                    self.dialect.do_executemany(
                        cursor,
                        str_statement,
                        effective_parameters,
                        context,
                    )
            elif not effective_parameters and context.no_parameters:
                if self.dialect._has_events:
                    for fn in self.dialect.dispatch.do_execute_no_params:
                        if fn(cursor, str_statement, context):
                            evt_handled = True
                            break
                if not evt_handled:
                    self.dialect.do_execute_no_params(
                        cursor, str_statement, context
                    )
            else:
                effective_parameters = cast(
                    "_CoreSingleExecuteParams", effective_parameters
                )
                if self.dialect._has_events:
                    for fn in self.dialect.dispatch.do_execute:
                        if fn(
                            cursor,
                            str_statement,
                            effective_parameters,
                            context,
                        ):
                            evt_handled = True
                            break
                if not evt_handled:
>                   self.dialect.do_execute(
                        cursor, str_statement, effective_parameters, context
                    )

/private/tmp/dify-m02-python-complete/lib/python3.12/site-packages/sqlalchemy/engine/base.py:1967: 
_ _ _ _ _ _ _ _ _ _ _ _ _ _ _ _ _ _ _ _ _ _ _ _ _ _ _ _ _ _ _ _ _ _ _ _ _ _ _ _ 

self = <sqlalchemy.dialects.sqlite.pysqlite.SQLiteDialect_pysqlite object at 0x12edbb0b0>
cursor = <sqlite3.Cursor object at 0x130108e40>
statement = 'INSERT INTO apps (id, tenant_id, name, description, mode, icon_type, icon, icon_background, app_model_config_id, work...RNING description, api_rpm, api_rph, is_demo, is_public, is_universal, created_at, updated_at, use_icon_as_answer_icon'
parameters = ('8dcadad9-58df-404e-9fc4-84e12d8e0ac0', 'a281a181-cfa6-4614-9c45-b53003f36e54', 'Scope completion', 'completion', None, None, ...)
context = <sqlalchemy.dialects.sqlite.base.SQLiteExecutionContext object at 0x12edbb3e0>

    def do_execute(self, cursor, statement, parameters, context=None):
>       cursor.execute(statement, parameters)
E       sqlite3.IntegrityError: NOT NULL constraint failed: apps.enable_api

/private/tmp/dify-m02-python-complete/lib/python3.12/site-packages/sqlalchemy/engine/default.py:952: IntegrityError

The above exception was the direct cause of the following exception:

sqlite_session = <sqlalchemy.orm.session.Session object at 0x12edba3c0>
config_overrides = <function config_overrides.<locals>.apply at 0x12edb4e00>
monkeypatch = <_pytest.monkeypatch.MonkeyPatch object at 0x12edbb440>

    @pytest.fixture
    def passport_apps(sqlite_session: Session, config_overrides, monkeypatch):
        config_overrides(SECRET_KEY="synthetic-webapp-scope-test-key")
        monkeypatch.setattr(wraps.SystemFeatureService, "is_webapp_auth_enabled", lambda: False)
        fixtures = []
        for mode in (AppMode.COMPLETION, AppMode.CHAT, AppMode.WORKFLOW):
            app = App(tenant_id=str(uuid4()), name=f"Scope {mode.value}", mode=mode.value, enable_site=True)
            sqlite_session.add(app)
>           sqlite_session.flush()

api/tests/unit_tests/controllers/web/test_webapp_passport_scope_extend.py:28: 
_ _ _ _ _ _ _ _ _ _ _ _ _ _ _ _ _ _ _ _ _ _ _ _ _ _ _ _ _ _ _ _ _ _ _ _ _ _ _ _ 
/private/tmp/dify-m02-python-complete/lib/python3.12/site-packages/sqlalchemy/orm/session.py:4331: in flush
    self._flush(objects)
/private/tmp/dify-m02-python-complete/lib/python3.12/site-packages/sqlalchemy/orm/session.py:4466: in _flush
    with util.safe_reraise():
         ^^^^^^^^^^^^^^^^^^^
/private/tmp/dify-m02-python-complete/lib/python3.12/site-packages/sqlalchemy/util/langhelpers.py:121: in __exit__
    raise exc_value.with_traceback(exc_tb)
/private/tmp/dify-m02-python-complete/lib/python3.12/site-packages/sqlalchemy/orm/session.py:4427: in _flush
    flush_context.execute()
/private/tmp/dify-m02-python-complete/lib/python3.12/site-packages/sqlalchemy/orm/unitofwork.py:466: in execute
    rec.execute(self)
/private/tmp/dify-m02-python-complete/lib/python3.12/site-packages/sqlalchemy/orm/unitofwork.py:642: in execute
    util.preloaded.orm_persistence.save_obj(
/private/tmp/dify-m02-python-complete/lib/python3.12/site-packages/sqlalchemy/orm/persistence.py:93: in save_obj
    _emit_insert_statements(
/private/tmp/dify-m02-python-complete/lib/python3.12/site-packages/sqlalchemy/orm/persistence.py:1233: in _emit_insert_statements
    result = connection.execute(
/private/tmp/dify-m02-python-complete/lib/python3.12/site-packages/sqlalchemy/engine/base.py:1419: in execute
    return meth(
/private/tmp/dify-m02-python-complete/lib/python3.12/site-packages/sqlalchemy/sql/elements.py:527: in _execute_on_connection
    return connection._execute_clauseelement(
/private/tmp/dify-m02-python-complete/lib/python3.12/site-packages/sqlalchemy/engine/base.py:1641: in _execute_clauseelement
    ret = self._execute_context(
/private/tmp/dify-m02-python-complete/lib/python3.12/site-packages/sqlalchemy/engine/base.py:1846: in _execute_context
    return self._exec_single_context(
/private/tmp/dify-m02-python-complete/lib/python3.12/site-packages/sqlalchemy/engine/base.py:1986: in _exec_single_context
    self._handle_dbapi_exception(
/private/tmp/dify-m02-python-complete/lib/python3.12/site-packages/sqlalchemy/engine/base.py:2363: in _handle_dbapi_exception
    raise sqlalchemy_exception.with_traceback(exc_info[2]) from e
/private/tmp/dify-m02-python-complete/lib/python3.12/site-packages/sqlalchemy/engine/base.py:1967: in _exec_single_context
    self.dialect.do_execute(
_ _ _ _ _ _ _ _ _ _ _ _ _ _ _ _ _ _ _ _ _ _ _ _ _ _ _ _ _ _ _ _ _ _ _ _ _ _ _ _ 

self = <sqlalchemy.dialects.sqlite.pysqlite.SQLiteDialect_pysqlite object at 0x12edbb0b0>
cursor = <sqlite3.Cursor object at 0x130108e40>
statement = 'INSERT INTO apps (id, tenant_id, name, description, mode, icon_type, icon, icon_background, app_model_config_id, work...RNING description, api_rpm, api_rph, is_demo, is_public, is_universal, created_at, updated_at, use_icon_as_answer_icon'
parameters = ('8dcadad9-58df-404e-9fc4-84e12d8e0ac0', 'a281a181-cfa6-4614-9c45-b53003f36e54', 'Scope completion', 'completion', None, None, ...)
context = <sqlalchemy.dialects.sqlite.base.SQLiteExecutionContext object at 0x12edbb3e0>

    def do_execute(self, cursor, statement, parameters, context=None):
>       cursor.execute(statement, parameters)
E       sqlalchemy.exc.IntegrityError: (sqlite3.IntegrityError) NOT NULL constraint failed: apps.enable_api
E       [SQL: INSERT INTO apps (id, tenant_id, name, description, mode, icon_type, icon, icon_background, app_model_config_id, workflow_id, status, enable_site, enable_api, max_active_requests, tracing, created_by, maintainer, updated_by) VALUES (?, ?, ?, '', ?, ?, ?, ?, ?, ?, ?, ?, ?, ?, ?, ?, ?, ?) RETURNING description, api_rpm, api_rph, is_demo, is_public, is_universal, created_at, updated_at, use_icon_as_answer_icon]
E       [parameters: ('8dcadad9-58df-404e-9fc4-84e12d8e0ac0', 'a281a181-cfa6-4614-9c45-b53003f36e54', 'Scope completion', 'completion', None, None, None, None, None, 'normal', 1, None, None, None, None, None, None)]
E       (Background on this error at: https://sqlalche.me/e/20/gkpj)

/private/tmp/dify-m02-python-complete/lib/python3.12/site-packages/sqlalchemy/engine/default.py:952: IntegrityError
_ ERROR at setup of test_same_app_passport_resolves_real_app_and_anonymous_browser_user[header-2] _

self = <sqlalchemy.engine.base.Connection object at 0x12e5610a0>
dialect = <sqlalchemy.dialects.sqlite.pysqlite.SQLiteDialect_pysqlite object at 0x12e705700>
context = <sqlalchemy.dialects.sqlite.base.SQLiteExecutionContext object at 0x12e00e540>
statement = <sqlalchemy.dialects.sqlite.base.SQLiteCompiler object at 0x12e0c5190>
parameters = [('5c329304-101c-48c5-9b43-5e35e763ef9f', 'bf18d221-6381-4e34-99bb-3187f7a5e8eb', 'Scope completion', 'completion', None, None, ...)]

    def _exec_single_context(
        self,
        dialect: Dialect,
        context: ExecutionContext,
        statement: Union[str, Compiled],
        parameters: Optional[_AnyMultiExecuteParams],
    ) -> CursorResult[Any]:
        """continue the _execute_context() method for a single DBAPI
        cursor.execute() or cursor.executemany() call.
    
        """
        if dialect.bind_typing is BindTyping.SETINPUTSIZES:
            generic_setinputsizes = context._prepare_set_input_sizes()
    
            if generic_setinputsizes:
                try:
                    dialect.do_set_input_sizes(
                        context.cursor, generic_setinputsizes, context
                    )
                except BaseException as e:
                    self._handle_dbapi_exception(
                        e, str(statement), parameters, None, context
                    )
    
        cursor, str_statement, parameters = (
            context.cursor,
            context.statement,
            context.parameters,
        )
    
        effective_parameters: Optional[_AnyExecuteParams]
    
        if not context.executemany:
            effective_parameters = parameters[0]
        else:
            effective_parameters = parameters
    
        if self._has_events or self.engine._has_events:
            for fn in self.dispatch.before_cursor_execute:
                str_statement, effective_parameters = fn(
                    self,
                    cursor,
                    str_statement,
                    effective_parameters,
                    context,
                    context.executemany,
                )
    
        if self._echo:
            self._log_info(str_statement)
    
            stats = context._get_cache_stats()
    
            if not self.engine.hide_parameters:
                self._log_info(
                    "[%s] %r",
                    stats,
                    sql_util._repr_params(
                        effective_parameters,
                        batches=10,
                        ismulti=context.executemany,
                    ),
                )
            else:
                self._log_info(
                    "[%s] [SQL parameters hidden due to hide_parameters=True]",
                    stats,
                )
    
        evt_handled: bool = False
        try:
            if context.execute_style is ExecuteStyle.EXECUTEMANY:
                effective_parameters = cast(
                    "_CoreMultiExecuteParams", effective_parameters
                )
                if self.dialect._has_events:
                    for fn in self.dialect.dispatch.do_executemany:
                        if fn(
                            cursor,
                            str_statement,
                            effective_parameters,
                            context,
                        ):
                            evt_handled = True
                            break
                if not evt_handled:
                    self.dialect.do_executemany(
                        cursor,
                        str_statement,
                        effective_parameters,
                        context,
                    )
            elif not effective_parameters and context.no_parameters:
                if self.dialect._has_events:
                    for fn in self.dialect.dispatch.do_execute_no_params:
                        if fn(cursor, str_statement, context):
                            evt_handled = True
                            break
                if not evt_handled:
                    self.dialect.do_execute_no_params(
                        cursor, str_statement, context
                    )
            else:
                effective_parameters = cast(
                    "_CoreSingleExecuteParams", effective_parameters
                )
                if self.dialect._has_events:
                    for fn in self.dialect.dispatch.do_execute:
                        if fn(
                            cursor,
                            str_statement,
                            effective_parameters,
                            context,
                        ):
                            evt_handled = True
                            break
                if not evt_handled:
>                   self.dialect.do_execute(
                        cursor, str_statement, effective_parameters, context
                    )

/private/tmp/dify-m02-python-complete/lib/python3.12/site-packages/sqlalchemy/engine/base.py:1967: 
_ _ _ _ _ _ _ _ _ _ _ _ _ _ _ _ _ _ _ _ _ _ _ _ _ _ _ _ _ _ _ _ _ _ _ _ _ _ _ _ 

self = <sqlalchemy.dialects.sqlite.pysqlite.SQLiteDialect_pysqlite object at 0x12e705700>
cursor = <sqlite3.Cursor object at 0x12df5a440>
statement = 'INSERT INTO apps (id, tenant_id, name, description, mode, icon_type, icon, icon_background, app_model_config_id, work...RNING description, api_rpm, api_rph, is_demo, is_public, is_universal, created_at, updated_at, use_icon_as_answer_icon'
parameters = ('5c329304-101c-48c5-9b43-5e35e763ef9f', 'bf18d221-6381-4e34-99bb-3187f7a5e8eb', 'Scope completion', 'completion', None, None, ...)
context = <sqlalchemy.dialects.sqlite.base.SQLiteExecutionContext object at 0x12e00e540>

    def do_execute(self, cursor, statement, parameters, context=None):
>       cursor.execute(statement, parameters)
E       sqlite3.IntegrityError: NOT NULL constraint failed: apps.enable_api

/private/tmp/dify-m02-python-complete/lib/python3.12/site-packages/sqlalchemy/engine/default.py:952: IntegrityError

The above exception was the direct cause of the following exception:

sqlite_session = <sqlalchemy.orm.session.Session object at 0x12e739e80>
config_overrides = <function config_overrides.<locals>.apply at 0x12d969760>
monkeypatch = <_pytest.monkeypatch.MonkeyPatch object at 0x12e7654c0>

    @pytest.fixture
    def passport_apps(sqlite_session: Session, config_overrides, monkeypatch):
        config_overrides(SECRET_KEY="synthetic-webapp-scope-test-key")
        monkeypatch.setattr(wraps.SystemFeatureService, "is_webapp_auth_enabled", lambda: False)
        fixtures = []
        for mode in (AppMode.COMPLETION, AppMode.CHAT, AppMode.WORKFLOW):
            app = App(tenant_id=str(uuid4()), name=f"Scope {mode.value}", mode=mode.value, enable_site=True)
            sqlite_session.add(app)
>           sqlite_session.flush()

api/tests/unit_tests/controllers/web/test_webapp_passport_scope_extend.py:28: 
_ _ _ _ _ _ _ _ _ _ _ _ _ _ _ _ _ _ _ _ _ _ _ _ _ _ _ _ _ _ _ _ _ _ _ _ _ _ _ _ 
/private/tmp/dify-m02-python-complete/lib/python3.12/site-packages/sqlalchemy/orm/session.py:4331: in flush
    self._flush(objects)
/private/tmp/dify-m02-python-complete/lib/python3.12/site-packages/sqlalchemy/orm/session.py:4466: in _flush
    with util.safe_reraise():
         ^^^^^^^^^^^^^^^^^^^
/private/tmp/dify-m02-python-complete/lib/python3.12/site-packages/sqlalchemy/util/langhelpers.py:121: in __exit__
    raise exc_value.with_traceback(exc_tb)
/private/tmp/dify-m02-python-complete/lib/python3.12/site-packages/sqlalchemy/orm/session.py:4427: in _flush
    flush_context.execute()
/private/tmp/dify-m02-python-complete/lib/python3.12/site-packages/sqlalchemy/orm/unitofwork.py:466: in execute
    rec.execute(self)
/private/tmp/dify-m02-python-complete/lib/python3.12/site-packages/sqlalchemy/orm/unitofwork.py:642: in execute
    util.preloaded.orm_persistence.save_obj(
/private/tmp/dify-m02-python-complete/lib/python3.12/site-packages/sqlalchemy/orm/persistence.py:93: in save_obj
    _emit_insert_statements(
/private/tmp/dify-m02-python-complete/lib/python3.12/site-packages/sqlalchemy/orm/persistence.py:1233: in _emit_insert_statements
    result = connection.execute(
/private/tmp/dify-m02-python-complete/lib/python3.12/site-packages/sqlalchemy/engine/base.py:1419: in execute
    return meth(
/private/tmp/dify-m02-python-complete/lib/python3.12/site-packages/sqlalchemy/sql/elements.py:527: in _execute_on_connection
    return connection._execute_clauseelement(
/private/tmp/dify-m02-python-complete/lib/python3.12/site-packages/sqlalchemy/engine/base.py:1641: in _execute_clauseelement
    ret = self._execute_context(
/private/tmp/dify-m02-python-complete/lib/python3.12/site-packages/sqlalchemy/engine/base.py:1846: in _execute_context
    return self._exec_single_context(
/private/tmp/dify-m02-python-complete/lib/python3.12/site-packages/sqlalchemy/engine/base.py:1986: in _exec_single_context
    self._handle_dbapi_exception(
/private/tmp/dify-m02-python-complete/lib/python3.12/site-packages/sqlalchemy/engine/base.py:2363: in _handle_dbapi_exception
    raise sqlalchemy_exception.with_traceback(exc_info[2]) from e
/private/tmp/dify-m02-python-complete/lib/python3.12/site-packages/sqlalchemy/engine/base.py:1967: in _exec_single_context
    self.dialect.do_execute(
_ _ _ _ _ _ _ _ _ _ _ _ _ _ _ _ _ _ _ _ _ _ _ _ _ _ _ _ _ _ _ _ _ _ _ _ _ _ _ _ 

self = <sqlalchemy.dialects.sqlite.pysqlite.SQLiteDialect_pysqlite object at 0x12e705700>
cursor = <sqlite3.Cursor object at 0x12df5a440>
statement = 'INSERT INTO apps (id, tenant_id, name, description, mode, icon_type, icon, icon_background, app_model_config_id, work...RNING description, api_rpm, api_rph, is_demo, is_public, is_universal, created_at, updated_at, use_icon_as_answer_icon'
parameters = ('5c329304-101c-48c5-9b43-5e35e763ef9f', 'bf18d221-6381-4e34-99bb-3187f7a5e8eb', 'Scope completion', 'completion', None, None, ...)
context = <sqlalchemy.dialects.sqlite.base.SQLiteExecutionContext object at 0x12e00e540>

    def do_execute(self, cursor, statement, parameters, context=None):
>       cursor.execute(statement, parameters)
E       sqlalchemy.exc.IntegrityError: (sqlite3.IntegrityError) NOT NULL constraint failed: apps.enable_api
E       [SQL: INSERT INTO apps (id, tenant_id, name, description, mode, icon_type, icon, icon_background, app_model_config_id, workflow_id, status, enable_site, enable_api, max_active_requests, tracing, created_by, maintainer, updated_by) VALUES (?, ?, ?, '', ?, ?, ?, ?, ?, ?, ?, ?, ?, ?, ?, ?, ?, ?) RETURNING description, api_rpm, api_rph, is_demo, is_public, is_universal, created_at, updated_at, use_icon_as_answer_icon]
E       [parameters: ('5c329304-101c-48c5-9b43-5e35e763ef9f', 'bf18d221-6381-4e34-99bb-3187f7a5e8eb', 'Scope completion', 'completion', None, None, None, None, None, 'normal', 1, None, None, None, None, None, None)]
E       (Background on this error at: https://sqlalche.me/e/20/gkpj)

/private/tmp/dify-m02-python-complete/lib/python3.12/site-packages/sqlalchemy/engine/default.py:952: IntegrityError
_ ERROR at setup of test_same_app_passport_resolves_real_app_and_anonymous_browser_user[query-0] _

self = <sqlalchemy.engine.base.Connection object at 0x12d944c20>
dialect = <sqlalchemy.dialects.sqlite.pysqlite.SQLiteDialect_pysqlite object at 0x12d944d10>
context = <sqlalchemy.dialects.sqlite.base.SQLiteExecutionContext object at 0x12dc9d490>
statement = <sqlalchemy.dialects.sqlite.base.SQLiteCompiler object at 0x12d945e50>
parameters = [('fc717587-3fa8-46d8-8344-ee8f8f1712b5', '667cd30f-16ec-4b58-b0e6-0b1689199488', 'Scope completion', 'completion', None, None, ...)]

    def _exec_single_context(
        self,
        dialect: Dialect,
        context: ExecutionContext,
        statement: Union[str, Compiled],
        parameters: Optional[_AnyMultiExecuteParams],
    ) -> CursorResult[Any]:
        """continue the _execute_context() method for a single DBAPI
        cursor.execute() or cursor.executemany() call.
    
        """
        if dialect.bind_typing is BindTyping.SETINPUTSIZES:
            generic_setinputsizes = context._prepare_set_input_sizes()
    
            if generic_setinputsizes:
                try:
                    dialect.do_set_input_sizes(
                        context.cursor, generic_setinputsizes, context
                    )
                except BaseException as e:
                    self._handle_dbapi_exception(
                        e, str(statement), parameters, None, context
                    )
    
        cursor, str_statement, parameters = (
            context.cursor,
            context.statement,
            context.parameters,
        )
    
        effective_parameters: Optional[_AnyExecuteParams]
    
        if not context.executemany:
            effective_parameters = parameters[0]
        else:
            effective_parameters = parameters
    
        if self._has_events or self.engine._has_events:
            for fn in self.dispatch.before_cursor_execute:
                str_statement, effective_parameters = fn(
                    self,
                    cursor,
                    str_statement,
                    effective_parameters,
                    context,
                    context.executemany,
                )
    
        if self._echo:
            self._log_info(str_statement)
    
            stats = context._get_cache_stats()
    
            if not self.engine.hide_parameters:
                self._log_info(
                    "[%s] %r",
                    stats,
                    sql_util._repr_params(
                        effective_parameters,
                        batches=10,
                        ismulti=context.executemany,
                    ),
                )
            else:
                self._log_info(
                    "[%s] [SQL parameters hidden due to hide_parameters=True]",
                    stats,
                )
    
        evt_handled: bool = False
        try:
            if context.execute_style is ExecuteStyle.EXECUTEMANY:
                effective_parameters = cast(
                    "_CoreMultiExecuteParams", effective_parameters
                )
                if self.dialect._has_events:
                    for fn in self.dialect.dispatch.do_executemany:
                        if fn(
                            cursor,
                            str_statement,
                            effective_parameters,
                            context,
                        ):
                            evt_handled = True
                            break
                if not evt_handled:
                    self.dialect.do_executemany(
                        cursor,
                        str_statement,
                        effective_parameters,
                        context,
                    )
            elif not effective_parameters and context.no_parameters:
                if self.dialect._has_events:
                    for fn in self.dialect.dispatch.do_execute_no_params:
                        if fn(cursor, str_statement, context):
                            evt_handled = True
                            break
                if not evt_handled:
                    self.dialect.do_execute_no_params(
                        cursor, str_statement, context
                    )
            else:
                effective_parameters = cast(
                    "_CoreSingleExecuteParams", effective_parameters
                )
                if self.dialect._has_events:
                    for fn in self.dialect.dispatch.do_execute:
                        if fn(
                            cursor,
                            str_statement,
                            effective_parameters,
                            context,
                        ):
                            evt_handled = True
                            break
                if not evt_handled:
>                   self.dialect.do_execute(
                        cursor, str_statement, effective_parameters, context
                    )

/private/tmp/dify-m02-python-complete/lib/python3.12/site-packages/sqlalchemy/engine/base.py:1967: 
_ _ _ _ _ _ _ _ _ _ _ _ _ _ _ _ _ _ _ _ _ _ _ _ _ _ _ _ _ _ _ _ _ _ _ _ _ _ _ _ 

self = <sqlalchemy.dialects.sqlite.pysqlite.SQLiteDialect_pysqlite object at 0x12d944d10>
cursor = <sqlite3.Cursor object at 0x12e79b4c0>
statement = 'INSERT INTO apps (id, tenant_id, name, description, mode, icon_type, icon, icon_background, app_model_config_id, work...RNING description, api_rpm, api_rph, is_demo, is_public, is_universal, created_at, updated_at, use_icon_as_answer_icon'
parameters = ('fc717587-3fa8-46d8-8344-ee8f8f1712b5', '667cd30f-16ec-4b58-b0e6-0b1689199488', 'Scope completion', 'completion', None, None, ...)
context = <sqlalchemy.dialects.sqlite.base.SQLiteExecutionContext object at 0x12dc9d490>

    def do_execute(self, cursor, statement, parameters, context=None):
>       cursor.execute(statement, parameters)
E       sqlite3.IntegrityError: NOT NULL constraint failed: apps.enable_api

/private/tmp/dify-m02-python-complete/lib/python3.12/site-packages/sqlalchemy/engine/default.py:952: IntegrityError

The above exception was the direct cause of the following exception:

sqlite_session = <sqlalchemy.orm.session.Session object at 0x12d945850>
config_overrides = <function config_overrides.<locals>.apply at 0x12d91c400>
monkeypatch = <_pytest.monkeypatch.MonkeyPatch object at 0x12d945c10>

    @pytest.fixture
    def passport_apps(sqlite_session: Session, config_overrides, monkeypatch):
        config_overrides(SECRET_KEY="synthetic-webapp-scope-test-key")
        monkeypatch.setattr(wraps.SystemFeatureService, "is_webapp_auth_enabled", lambda: False)
        fixtures = []
        for mode in (AppMode.COMPLETION, AppMode.CHAT, AppMode.WORKFLOW):
            app = App(tenant_id=str(uuid4()), name=f"Scope {mode.value}", mode=mode.value, enable_site=True)
            sqlite_session.add(app)
>           sqlite_session.flush()

api/tests/unit_tests/controllers/web/test_webapp_passport_scope_extend.py:28: 
_ _ _ _ _ _ _ _ _ _ _ _ _ _ _ _ _ _ _ _ _ _ _ _ _ _ _ _ _ _ _ _ _ _ _ _ _ _ _ _ 
/private/tmp/dify-m02-python-complete/lib/python3.12/site-packages/sqlalchemy/orm/session.py:4331: in flush
    self._flush(objects)
/private/tmp/dify-m02-python-complete/lib/python3.12/site-packages/sqlalchemy/orm/session.py:4466: in _flush
    with util.safe_reraise():
         ^^^^^^^^^^^^^^^^^^^
/private/tmp/dify-m02-python-complete/lib/python3.12/site-packages/sqlalchemy/util/langhelpers.py:121: in __exit__
    raise exc_value.with_traceback(exc_tb)
/private/tmp/dify-m02-python-complete/lib/python3.12/site-packages/sqlalchemy/orm/session.py:4427: in _flush
    flush_context.execute()
/private/tmp/dify-m02-python-complete/lib/python3.12/site-packages/sqlalchemy/orm/unitofwork.py:466: in execute
    rec.execute(self)
/private/tmp/dify-m02-python-complete/lib/python3.12/site-packages/sqlalchemy/orm/unitofwork.py:642: in execute
    util.preloaded.orm_persistence.save_obj(
/private/tmp/dify-m02-python-complete/lib/python3.12/site-packages/sqlalchemy/orm/persistence.py:93: in save_obj
    _emit_insert_statements(
/private/tmp/dify-m02-python-complete/lib/python3.12/site-packages/sqlalchemy/orm/persistence.py:1233: in _emit_insert_statements
    result = connection.execute(
/private/tmp/dify-m02-python-complete/lib/python3.12/site-packages/sqlalchemy/engine/base.py:1419: in execute
    return meth(
/private/tmp/dify-m02-python-complete/lib/python3.12/site-packages/sqlalchemy/sql/elements.py:527: in _execute_on_connection
    return connection._execute_clauseelement(
/private/tmp/dify-m02-python-complete/lib/python3.12/site-packages/sqlalchemy/engine/base.py:1641: in _execute_clauseelement
    ret = self._execute_context(
/private/tmp/dify-m02-python-complete/lib/python3.12/site-packages/sqlalchemy/engine/base.py:1846: in _execute_context
    return self._exec_single_context(
/private/tmp/dify-m02-python-complete/lib/python3.12/site-packages/sqlalchemy/engine/base.py:1986: in _exec_single_context
    self._handle_dbapi_exception(
/private/tmp/dify-m02-python-complete/lib/python3.12/site-packages/sqlalchemy/engine/base.py:2363: in _handle_dbapi_exception
    raise sqlalchemy_exception.with_traceback(exc_info[2]) from e
/private/tmp/dify-m02-python-complete/lib/python3.12/site-packages/sqlalchemy/engine/base.py:1967: in _exec_single_context
    self.dialect.do_execute(
_ _ _ _ _ _ _ _ _ _ _ _ _ _ _ _ _ _ _ _ _ _ _ _ _ _ _ _ _ _ _ _ _ _ _ _ _ _ _ _ 

self = <sqlalchemy.dialects.sqlite.pysqlite.SQLiteDialect_pysqlite object at 0x12d944d10>
cursor = <sqlite3.Cursor object at 0x12e79b4c0>
statement = 'INSERT INTO apps (id, tenant_id, name, description, mode, icon_type, icon, icon_background, app_model_config_id, work...RNING description, api_rpm, api_rph, is_demo, is_public, is_universal, created_at, updated_at, use_icon_as_answer_icon'
parameters = ('fc717587-3fa8-46d8-8344-ee8f8f1712b5', '667cd30f-16ec-4b58-b0e6-0b1689199488', 'Scope completion', 'completion', None, None, ...)
context = <sqlalchemy.dialects.sqlite.base.SQLiteExecutionContext object at 0x12dc9d490>

    def do_execute(self, cursor, statement, parameters, context=None):
>       cursor.execute(statement, parameters)
E       sqlalchemy.exc.IntegrityError: (sqlite3.IntegrityError) NOT NULL constraint failed: apps.enable_api
E       [SQL: INSERT INTO apps (id, tenant_id, name, description, mode, icon_type, icon, icon_background, app_model_config_id, workflow_id, status, enable_site, enable_api, max_active_requests, tracing, created_by, maintainer, updated_by) VALUES (?, ?, ?, '', ?, ?, ?, ?, ?, ?, ?, ?, ?, ?, ?, ?, ?, ?) RETURNING description, api_rpm, api_rph, is_demo, is_public, is_universal, created_at, updated_at, use_icon_as_answer_icon]
E       [parameters: ('fc717587-3fa8-46d8-8344-ee8f8f1712b5', '667cd30f-16ec-4b58-b0e6-0b1689199488', 'Scope completion', 'completion', None, None, None, None, None, 'normal', 1, None, None, None, None, None, None)]
E       (Background on this error at: https://sqlalche.me/e/20/gkpj)

/private/tmp/dify-m02-python-complete/lib/python3.12/site-packages/sqlalchemy/engine/default.py:952: IntegrityError
_ ERROR at setup of test_same_app_passport_resolves_real_app_and_anonymous_browser_user[query-1] _

self = <sqlalchemy.engine.base.Connection object at 0x12d8f4c20>
dialect = <sqlalchemy.dialects.sqlite.pysqlite.SQLiteDialect_pysqlite object at 0x12d8f7290>
context = <sqlalchemy.dialects.sqlite.base.SQLiteExecutionContext object at 0x12a3e9a60>
statement = <sqlalchemy.dialects.sqlite.base.SQLiteCompiler object at 0x12d8f4230>
parameters = [('fd7b09b4-b0ee-426f-a64b-cdcd804401db', 'e0b81181-dd60-4ae6-b7e5-04339a4aefd8', 'Scope completion', 'completion', None, None, ...)]

    def _exec_single_context(
        self,
        dialect: Dialect,
        context: ExecutionContext,
        statement: Union[str, Compiled],
        parameters: Optional[_AnyMultiExecuteParams],
    ) -> CursorResult[Any]:
        """continue the _execute_context() method for a single DBAPI
        cursor.execute() or cursor.executemany() call.
    
        """
        if dialect.bind_typing is BindTyping.SETINPUTSIZES:
            generic_setinputsizes = context._prepare_set_input_sizes()
    
            if generic_setinputsizes:
                try:
                    dialect.do_set_input_sizes(
                        context.cursor, generic_setinputsizes, context
                    )
                except BaseException as e:
                    self._handle_dbapi_exception(
                        e, str(statement), parameters, None, context
                    )
    
        cursor, str_statement, parameters = (
            context.cursor,
            context.statement,
            context.parameters,
        )
    
        effective_parameters: Optional[_AnyExecuteParams]
    
        if not context.executemany:
            effective_parameters = parameters[0]
        else:
            effective_parameters = parameters
    
        if self._has_events or self.engine._has_events:
            for fn in self.dispatch.before_cursor_execute:
                str_statement, effective_parameters = fn(
                    self,
                    cursor,
                    str_statement,
                    effective_parameters,
                    context,
                    context.executemany,
                )
    
        if self._echo:
            self._log_info(str_statement)
    
            stats = context._get_cache_stats()
    
            if not self.engine.hide_parameters:
                self._log_info(
                    "[%s] %r",
                    stats,
                    sql_util._repr_params(
                        effective_parameters,
                        batches=10,
                        ismulti=context.executemany,
                    ),
                )
            else:
                self._log_info(
                    "[%s] [SQL parameters hidden due to hide_parameters=True]",
                    stats,
                )
    
        evt_handled: bool = False
        try:
            if context.execute_style is ExecuteStyle.EXECUTEMANY:
                effective_parameters = cast(
                    "_CoreMultiExecuteParams", effective_parameters
                )
                if self.dialect._has_events:
                    for fn in self.dialect.dispatch.do_executemany:
                        if fn(
                            cursor,
                            str_statement,
                            effective_parameters,
                            context,
                        ):
                            evt_handled = True
                            break
                if not evt_handled:
                    self.dialect.do_executemany(
                        cursor,
                        str_statement,
                        effective_parameters,
                        context,
                    )
            elif not effective_parameters and context.no_parameters:
                if self.dialect._has_events:
                    for fn in self.dialect.dispatch.do_execute_no_params:
                        if fn(cursor, str_statement, context):
                            evt_handled = True
                            break
                if not evt_handled:
                    self.dialect.do_execute_no_params(
                        cursor, str_statement, context
                    )
            else:
                effective_parameters = cast(
                    "_CoreSingleExecuteParams", effective_parameters
                )
                if self.dialect._has_events:
                    for fn in self.dialect.dispatch.do_execute:
                        if fn(
                            cursor,
                            str_statement,
                            effective_parameters,
                            context,
                        ):
                            evt_handled = True
                            break
                if not evt_handled:
>                   self.dialect.do_execute(
                        cursor, str_statement, effective_parameters, context
                    )

/private/tmp/dify-m02-python-complete/lib/python3.12/site-packages/sqlalchemy/engine/base.py:1967: 
_ _ _ _ _ _ _ _ _ _ _ _ _ _ _ _ _ _ _ _ _ _ _ _ _ _ _ _ _ _ _ _ _ _ _ _ _ _ _ _ 

self = <sqlalchemy.dialects.sqlite.pysqlite.SQLiteDialect_pysqlite object at 0x12d8f7290>
cursor = <sqlite3.Cursor object at 0x13010ab40>
statement = 'INSERT INTO apps (id, tenant_id, name, description, mode, icon_type, icon, icon_background, app_model_config_id, work...RNING description, api_rpm, api_rph, is_demo, is_public, is_universal, created_at, updated_at, use_icon_as_answer_icon'
parameters = ('fd7b09b4-b0ee-426f-a64b-cdcd804401db', 'e0b81181-dd60-4ae6-b7e5-04339a4aefd8', 'Scope completion', 'completion', None, None, ...)
context = <sqlalchemy.dialects.sqlite.base.SQLiteExecutionContext object at 0x12a3e9a60>

    def do_execute(self, cursor, statement, parameters, context=None):
>       cursor.execute(statement, parameters)
E       sqlite3.IntegrityError: NOT NULL constraint failed: apps.enable_api

/private/tmp/dify-m02-python-complete/lib/python3.12/site-packages/sqlalchemy/engine/default.py:952: IntegrityError

The above exception was the direct cause of the following exception:

sqlite_session = <sqlalchemy.orm.session.Session object at 0x12d8f5010>
config_overrides = <function config_overrides.<locals>.apply at 0x12dc90a40>
monkeypatch = <_pytest.monkeypatch.MonkeyPatch object at 0x12d8f6ba0>

    @pytest.fixture
    def passport_apps(sqlite_session: Session, config_overrides, monkeypatch):
        config_overrides(SECRET_KEY="synthetic-webapp-scope-test-key")
        monkeypatch.setattr(wraps.SystemFeatureService, "is_webapp_auth_enabled", lambda: False)
        fixtures = []
        for mode in (AppMode.COMPLETION, AppMode.CHAT, AppMode.WORKFLOW):
            app = App(tenant_id=str(uuid4()), name=f"Scope {mode.value}", mode=mode.value, enable_site=True)
            sqlite_session.add(app)
>           sqlite_session.flush()

api/tests/unit_tests/controllers/web/test_webapp_passport_scope_extend.py:28: 
_ _ _ _ _ _ _ _ _ _ _ _ _ _ _ _ _ _ _ _ _ _ _ _ _ _ _ _ _ _ _ _ _ _ _ _ _ _ _ _ 
/private/tmp/dify-m02-python-complete/lib/python3.12/site-packages/sqlalchemy/orm/session.py:4331: in flush
    self._flush(objects)
/private/tmp/dify-m02-python-complete/lib/python3.12/site-packages/sqlalchemy/orm/session.py:4466: in _flush
    with util.safe_reraise():
         ^^^^^^^^^^^^^^^^^^^
/private/tmp/dify-m02-python-complete/lib/python3.12/site-packages/sqlalchemy/util/langhelpers.py:121: in __exit__
    raise exc_value.with_traceback(exc_tb)
/private/tmp/dify-m02-python-complete/lib/python3.12/site-packages/sqlalchemy/orm/session.py:4427: in _flush
    flush_context.execute()
/private/tmp/dify-m02-python-complete/lib/python3.12/site-packages/sqlalchemy/orm/unitofwork.py:466: in execute
    rec.execute(self)
/private/tmp/dify-m02-python-complete/lib/python3.12/site-packages/sqlalchemy/orm/unitofwork.py:642: in execute
    util.preloaded.orm_persistence.save_obj(
/private/tmp/dify-m02-python-complete/lib/python3.12/site-packages/sqlalchemy/orm/persistence.py:93: in save_obj
    _emit_insert_statements(
/private/tmp/dify-m02-python-complete/lib/python3.12/site-packages/sqlalchemy/orm/persistence.py:1233: in _emit_insert_statements
    result = connection.execute(
/private/tmp/dify-m02-python-complete/lib/python3.12/site-packages/sqlalchemy/engine/base.py:1419: in execute
    return meth(
/private/tmp/dify-m02-python-complete/lib/python3.12/site-packages/sqlalchemy/sql/elements.py:527: in _execute_on_connection
    return connection._execute_clauseelement(
/private/tmp/dify-m02-python-complete/lib/python3.12/site-packages/sqlalchemy/engine/base.py:1641: in _execute_clauseelement
    ret = self._execute_context(
/private/tmp/dify-m02-python-complete/lib/python3.12/site-packages/sqlalchemy/engine/base.py:1846: in _execute_context
    return self._exec_single_context(
/private/tmp/dify-m02-python-complete/lib/python3.12/site-packages/sqlalchemy/engine/base.py:1986: in _exec_single_context
    self._handle_dbapi_exception(
/private/tmp/dify-m02-python-complete/lib/python3.12/site-packages/sqlalchemy/engine/base.py:2363: in _handle_dbapi_exception
    raise sqlalchemy_exception.with_traceback(exc_info[2]) from e
/private/tmp/dify-m02-python-complete/lib/python3.12/site-packages/sqlalchemy/engine/base.py:1967: in _exec_single_context
    self.dialect.do_execute(
_ _ _ _ _ _ _ _ _ _ _ _ _ _ _ _ _ _ _ _ _ _ _ _ _ _ _ _ _ _ _ _ _ _ _ _ _ _ _ _ 

self = <sqlalchemy.dialects.sqlite.pysqlite.SQLiteDialect_pysqlite object at 0x12d8f7290>
cursor = <sqlite3.Cursor object at 0x13010ab40>
statement = 'INSERT INTO apps (id, tenant_id, name, description, mode, icon_type, icon, icon_background, app_model_config_id, work...RNING description, api_rpm, api_rph, is_demo, is_public, is_universal, created_at, updated_at, use_icon_as_answer_icon'
parameters = ('fd7b09b4-b0ee-426f-a64b-cdcd804401db', 'e0b81181-dd60-4ae6-b7e5-04339a4aefd8', 'Scope completion', 'completion', None, None, ...)
context = <sqlalchemy.dialects.sqlite.base.SQLiteExecutionContext object at 0x12a3e9a60>

    def do_execute(self, cursor, statement, parameters, context=None):
>       cursor.execute(statement, parameters)
E       sqlalchemy.exc.IntegrityError: (sqlite3.IntegrityError) NOT NULL constraint failed: apps.enable_api
E       [SQL: INSERT INTO apps (id, tenant_id, name, description, mode, icon_type, icon, icon_background, app_model_config_id, workflow_id, status, enable_site, enable_api, max_active_requests, tracing, created_by, maintainer, updated_by) VALUES (?, ?, ?, '', ?, ?, ?, ?, ?, ?, ?, ?, ?, ?, ?, ?, ?, ?) RETURNING description, api_rpm, api_rph, is_demo, is_public, is_universal, created_at, updated_at, use_icon_as_answer_icon]
E       [parameters: ('fd7b09b4-b0ee-426f-a64b-cdcd804401db', 'e0b81181-dd60-4ae6-b7e5-04339a4aefd8', 'Scope completion', 'completion', None, None, None, None, None, 'normal', 1, None, None, None, None, None, None)]
E       (Background on this error at: https://sqlalche.me/e/20/gkpj)

/private/tmp/dify-m02-python-complete/lib/python3.12/site-packages/sqlalchemy/engine/default.py:952: IntegrityError
_ ERROR at setup of test_same_app_passport_resolves_real_app_and_anonymous_browser_user[query-2] _

self = <sqlalchemy.engine.base.Connection object at 0x12d7dee70>
dialect = <sqlalchemy.dialects.sqlite.pysqlite.SQLiteDialect_pysqlite object at 0x12d86ddf0>
context = <sqlalchemy.dialects.sqlite.base.SQLiteExecutionContext object at 0x12d727bf0>
statement = <sqlalchemy.dialects.sqlite.base.SQLiteCompiler object at 0x12d84ffe0>
parameters = [('0484da89-b80a-4efd-9aec-4e38b58c8aab', 'eb331e38-bfa0-4c79-8307-611718b11f2c', 'Scope completion', 'completion', None, None, ...)]

    def _exec_single_context(
        self,
        dialect: Dialect,
        context: ExecutionContext,
        statement: Union[str, Compiled],
        parameters: Optional[_AnyMultiExecuteParams],
    ) -> CursorResult[Any]:
        """continue the _execute_context() method for a single DBAPI
        cursor.execute() or cursor.executemany() call.
    
        """
        if dialect.bind_typing is BindTyping.SETINPUTSIZES:
            generic_setinputsizes = context._prepare_set_input_sizes()
    
            if generic_setinputsizes:
                try:
                    dialect.do_set_input_sizes(
                        context.cursor, generic_setinputsizes, context
                    )
                except BaseException as e:
                    self._handle_dbapi_exception(
                        e, str(statement), parameters, None, context
                    )
    
        cursor, str_statement, parameters = (
            context.cursor,
            context.statement,
            context.parameters,
        )
    
        effective_parameters: Optional[_AnyExecuteParams]
    
        if not context.executemany:
            effective_parameters = parameters[0]
        else:
            effective_parameters = parameters
    
        if self._has_events or self.engine._has_events:
            for fn in self.dispatch.before_cursor_execute:
                str_statement, effective_parameters = fn(
                    self,
                    cursor,
                    str_statement,
                    effective_parameters,
                    context,
                    context.executemany,
                )
    
        if self._echo:
            self._log_info(str_statement)
    
            stats = context._get_cache_stats()
    
            if not self.engine.hide_parameters:
                self._log_info(
                    "[%s] %r",
                    stats,
                    sql_util._repr_params(
                        effective_parameters,
                        batches=10,
                        ismulti=context.executemany,
                    ),
                )
            else:
                self._log_info(
                    "[%s] [SQL parameters hidden due to hide_parameters=True]",
                    stats,
                )
    
        evt_handled: bool = False
        try:
            if context.execute_style is ExecuteStyle.EXECUTEMANY:
                effective_parameters = cast(
                    "_CoreMultiExecuteParams", effective_parameters
                )
                if self.dialect._has_events:
                    for fn in self.dialect.dispatch.do_executemany:
                        if fn(
                            cursor,
                            str_statement,
                            effective_parameters,
                            context,
                        ):
                            evt_handled = True
                            break
                if not evt_handled:
                    self.dialect.do_executemany(
                        cursor,
                        str_statement,
                        effective_parameters,
                        context,
                    )
            elif not effective_parameters and context.no_parameters:
                if self.dialect._has_events:
                    for fn in self.dialect.dispatch.do_execute_no_params:
                        if fn(cursor, str_statement, context):
                            evt_handled = True
                            break
                if not evt_handled:
                    self.dialect.do_execute_no_params(
                        cursor, str_statement, context
                    )
            else:
                effective_parameters = cast(
                    "_CoreSingleExecuteParams", effective_parameters
                )
                if self.dialect._has_events:
                    for fn in self.dialect.dispatch.do_execute:
                        if fn(
                            cursor,
                            str_statement,
                            effective_parameters,
                            context,
                        ):
                            evt_handled = True
                            break
                if not evt_handled:
>                   self.dialect.do_execute(
                        cursor, str_statement, effective_parameters, context
                    )

/private/tmp/dify-m02-python-complete/lib/python3.12/site-packages/sqlalchemy/engine/base.py:1967: 
_ _ _ _ _ _ _ _ _ _ _ _ _ _ _ _ _ _ _ _ _ _ _ _ _ _ _ _ _ _ _ _ _ _ _ _ _ _ _ _ 

self = <sqlalchemy.dialects.sqlite.pysqlite.SQLiteDialect_pysqlite object at 0x12d86ddf0>
cursor = <sqlite3.Cursor object at 0x12d90edc0>
statement = 'INSERT INTO apps (id, tenant_id, name, description, mode, icon_type, icon, icon_background, app_model_config_id, work...RNING description, api_rpm, api_rph, is_demo, is_public, is_universal, created_at, updated_at, use_icon_as_answer_icon'
parameters = ('0484da89-b80a-4efd-9aec-4e38b58c8aab', 'eb331e38-bfa0-4c79-8307-611718b11f2c', 'Scope completion', 'completion', None, None, ...)
context = <sqlalchemy.dialects.sqlite.base.SQLiteExecutionContext object at 0x12d727bf0>

    def do_execute(self, cursor, statement, parameters, context=None):
>       cursor.execute(statement, parameters)
E       sqlite3.IntegrityError: NOT NULL constraint failed: apps.enable_api

/private/tmp/dify-m02-python-complete/lib/python3.12/site-packages/sqlalchemy/engine/default.py:952: IntegrityError

The above exception was the direct cause of the following exception:

sqlite_session = <sqlalchemy.orm.session.Session object at 0x12d86caa0>
config_overrides = <function config_overrides.<locals>.apply at 0x12d073600>
monkeypatch = <_pytest.monkeypatch.MonkeyPatch object at 0x12d86e9c0>

    @pytest.fixture
    def passport_apps(sqlite_session: Session, config_overrides, monkeypatch):
        config_overrides(SECRET_KEY="synthetic-webapp-scope-test-key")
        monkeypatch.setattr(wraps.SystemFeatureService, "is_webapp_auth_enabled", lambda: False)
        fixtures = []
        for mode in (AppMode.COMPLETION, AppMode.CHAT, AppMode.WORKFLOW):
            app = App(tenant_id=str(uuid4()), name=f"Scope {mode.value}", mode=mode.value, enable_site=True)
            sqlite_session.add(app)
>           sqlite_session.flush()

api/tests/unit_tests/controllers/web/test_webapp_passport_scope_extend.py:28: 
_ _ _ _ _ _ _ _ _ _ _ _ _ _ _ _ _ _ _ _ _ _ _ _ _ _ _ _ _ _ _ _ _ _ _ _ _ _ _ _ 
/private/tmp/dify-m02-python-complete/lib/python3.12/site-packages/sqlalchemy/orm/session.py:4331: in flush
    self._flush(objects)
/private/tmp/dify-m02-python-complete/lib/python3.12/site-packages/sqlalchemy/orm/session.py:4466: in _flush
    with util.safe_reraise():
         ^^^^^^^^^^^^^^^^^^^
/private/tmp/dify-m02-python-complete/lib/python3.12/site-packages/sqlalchemy/util/langhelpers.py:121: in __exit__
    raise exc_value.with_traceback(exc_tb)
/private/tmp/dify-m02-python-complete/lib/python3.12/site-packages/sqlalchemy/orm/session.py:4427: in _flush
    flush_context.execute()
/private/tmp/dify-m02-python-complete/lib/python3.12/site-packages/sqlalchemy/orm/unitofwork.py:466: in execute
    rec.execute(self)
/private/tmp/dify-m02-python-complete/lib/python3.12/site-packages/sqlalchemy/orm/unitofwork.py:642: in execute
    util.preloaded.orm_persistence.save_obj(
/private/tmp/dify-m02-python-complete/lib/python3.12/site-packages/sqlalchemy/orm/persistence.py:93: in save_obj
    _emit_insert_statements(
/private/tmp/dify-m02-python-complete/lib/python3.12/site-packages/sqlalchemy/orm/persistence.py:1233: in _emit_insert_statements
    result = connection.execute(
/private/tmp/dify-m02-python-complete/lib/python3.12/site-packages/sqlalchemy/engine/base.py:1419: in execute
    return meth(
/private/tmp/dify-m02-python-complete/lib/python3.12/site-packages/sqlalchemy/sql/elements.py:527: in _execute_on_connection
    return connection._execute_clauseelement(
/private/tmp/dify-m02-python-complete/lib/python3.12/site-packages/sqlalchemy/engine/base.py:1641: in _execute_clauseelement
    ret = self._execute_context(
/private/tmp/dify-m02-python-complete/lib/python3.12/site-packages/sqlalchemy/engine/base.py:1846: in _execute_context
    return self._exec_single_context(
/private/tmp/dify-m02-python-complete/lib/python3.12/site-packages/sqlalchemy/engine/base.py:1986: in _exec_single_context
    self._handle_dbapi_exception(
/private/tmp/dify-m02-python-complete/lib/python3.12/site-packages/sqlalchemy/engine/base.py:2363: in _handle_dbapi_exception
    raise sqlalchemy_exception.with_traceback(exc_info[2]) from e
/private/tmp/dify-m02-python-complete/lib/python3.12/site-packages/sqlalchemy/engine/base.py:1967: in _exec_single_context
    self.dialect.do_execute(
_ _ _ _ _ _ _ _ _ _ _ _ _ _ _ _ _ _ _ _ _ _ _ _ _ _ _ _ _ _ _ _ _ _ _ _ _ _ _ _ 

self = <sqlalchemy.dialects.sqlite.pysqlite.SQLiteDialect_pysqlite object at 0x12d86ddf0>
cursor = <sqlite3.Cursor object at 0x12d90edc0>
statement = 'INSERT INTO apps (id, tenant_id, name, description, mode, icon_type, icon, icon_background, app_model_config_id, work...RNING description, api_rpm, api_rph, is_demo, is_public, is_universal, created_at, updated_at, use_icon_as_answer_icon'
parameters = ('0484da89-b80a-4efd-9aec-4e38b58c8aab', 'eb331e38-bfa0-4c79-8307-611718b11f2c', 'Scope completion', 'completion', None, None, ...)
context = <sqlalchemy.dialects.sqlite.base.SQLiteExecutionContext object at 0x12d727bf0>

    def do_execute(self, cursor, statement, parameters, context=None):
>       cursor.execute(statement, parameters)
E       sqlalchemy.exc.IntegrityError: (sqlite3.IntegrityError) NOT NULL constraint failed: apps.enable_api
E       [SQL: INSERT INTO apps (id, tenant_id, name, description, mode, icon_type, icon, icon_background, app_model_config_id, workflow_id, status, enable_site, enable_api, max_active_requests, tracing, created_by, maintainer, updated_by) VALUES (?, ?, ?, '', ?, ?, ?, ?, ?, ?, ?, ?, ?, ?, ?, ?, ?, ?) RETURNING description, api_rpm, api_rph, is_demo, is_public, is_universal, created_at, updated_at, use_icon_as_answer_icon]
E       [parameters: ('0484da89-b80a-4efd-9aec-4e38b58c8aab', 'eb331e38-bfa0-4c79-8307-611718b11f2c', 'Scope completion', 'completion', None, None, None, None, None, 'normal', 1, None, None, None, None, None, None)]
E       (Background on this error at: https://sqlalche.me/e/20/gkpj)

/private/tmp/dify-m02-python-complete/lib/python3.12/site-packages/sqlalchemy/engine/default.py:952: IntegrityError
_ ERROR at setup of test_same_app_passport_resolves_real_app_and_anonymous_browser_user[cookie-0] _

self = <sqlalchemy.engine.base.Connection object at 0x12a4eba10>
dialect = <sqlalchemy.dialects.sqlite.pysqlite.SQLiteDialect_pysqlite object at 0x12a4c0e90>
context = <sqlalchemy.dialects.sqlite.base.SQLiteExecutionContext object at 0x12a51b560>
statement = <sqlalchemy.dialects.sqlite.base.SQLiteCompiler object at 0x12a5084a0>
parameters = [('e26c3ecb-a4d6-496b-9bdb-db1606f93cf3', '3d04e6fc-5819-4508-af7a-80e1aee36fd0', 'Scope completion', 'completion', None, None, ...)]

    def _exec_single_context(
        self,
        dialect: Dialect,
        context: ExecutionContext,
        statement: Union[str, Compiled],
        parameters: Optional[_AnyMultiExecuteParams],
    ) -> CursorResult[Any]:
        """continue the _execute_context() method for a single DBAPI
        cursor.execute() or cursor.executemany() call.
    
        """
        if dialect.bind_typing is BindTyping.SETINPUTSIZES:
            generic_setinputsizes = context._prepare_set_input_sizes()
    
            if generic_setinputsizes:
                try:
                    dialect.do_set_input_sizes(
                        context.cursor, generic_setinputsizes, context
                    )
                except BaseException as e:
                    self._handle_dbapi_exception(
                        e, str(statement), parameters, None, context
                    )
    
        cursor, str_statement, parameters = (
            context.cursor,
            context.statement,
            context.parameters,
        )
    
        effective_parameters: Optional[_AnyExecuteParams]
    
        if not context.executemany:
            effective_parameters = parameters[0]
        else:
            effective_parameters = parameters
    
        if self._has_events or self.engine._has_events:
            for fn in self.dispatch.before_cursor_execute:
                str_statement, effective_parameters = fn(
                    self,
                    cursor,
                    str_statement,
                    effective_parameters,
                    context,
                    context.executemany,
                )
    
        if self._echo:
            self._log_info(str_statement)
    
            stats = context._get_cache_stats()
    
            if not self.engine.hide_parameters:
                self._log_info(
                    "[%s] %r",
                    stats,
                    sql_util._repr_params(
                        effective_parameters,
                        batches=10,
                        ismulti=context.executemany,
                    ),
                )
            else:
                self._log_info(
                    "[%s] [SQL parameters hidden due to hide_parameters=True]",
                    stats,
                )
    
        evt_handled: bool = False
        try:
            if context.execute_style is ExecuteStyle.EXECUTEMANY:
                effective_parameters = cast(
                    "_CoreMultiExecuteParams", effective_parameters
                )
                if self.dialect._has_events:
                    for fn in self.dialect.dispatch.do_executemany:
                        if fn(
                            cursor,
                            str_statement,
                            effective_parameters,
                            context,
                        ):
                            evt_handled = True
                            break
                if not evt_handled:
                    self.dialect.do_executemany(
                        cursor,
                        str_statement,
                        effective_parameters,
                        context,
                    )
            elif not effective_parameters and context.no_parameters:
                if self.dialect._has_events:
                    for fn in self.dialect.dispatch.do_execute_no_params:
                        if fn(cursor, str_statement, context):
                            evt_handled = True
                            break
                if not evt_handled:
                    self.dialect.do_execute_no_params(
                        cursor, str_statement, context
                    )
            else:
                effective_parameters = cast(
                    "_CoreSingleExecuteParams", effective_parameters
                )
                if self.dialect._has_events:
                    for fn in self.dialect.dispatch.do_execute:
                        if fn(
                            cursor,
                            str_statement,
                            effective_parameters,
                            context,
                        ):
                            evt_handled = True
                            break
                if not evt_handled:
>                   self.dialect.do_execute(
                        cursor, str_statement, effective_parameters, context
                    )

/private/tmp/dify-m02-python-complete/lib/python3.12/site-packages/sqlalchemy/engine/base.py:1967: 
_ _ _ _ _ _ _ _ _ _ _ _ _ _ _ _ _ _ _ _ _ _ _ _ _ _ _ _ _ _ _ _ _ _ _ _ _ _ _ _ 

self = <sqlalchemy.dialects.sqlite.pysqlite.SQLiteDialect_pysqlite object at 0x12a4c0e90>
cursor = <sqlite3.Cursor object at 0x12f5ed3c0>
statement = 'INSERT INTO apps (id, tenant_id, name, description, mode, icon_type, icon, icon_background, app_model_config_id, work...RNING description, api_rpm, api_rph, is_demo, is_public, is_universal, created_at, updated_at, use_icon_as_answer_icon'
parameters = ('e26c3ecb-a4d6-496b-9bdb-db1606f93cf3', '3d04e6fc-5819-4508-af7a-80e1aee36fd0', 'Scope completion', 'completion', None, None, ...)
context = <sqlalchemy.dialects.sqlite.base.SQLiteExecutionContext object at 0x12a51b560>

    def do_execute(self, cursor, statement, parameters, context=None):
>       cursor.execute(statement, parameters)
E       sqlite3.IntegrityError: NOT NULL constraint failed: apps.enable_api

/private/tmp/dify-m02-python-complete/lib/python3.12/site-packages/sqlalchemy/engine/default.py:952: IntegrityError

The above exception was the direct cause of the following exception:

sqlite_session = <sqlalchemy.orm.session.Session object at 0x12a4eb9b0>
config_overrides = <function config_overrides.<locals>.apply at 0x12ca916c0>
monkeypatch = <_pytest.monkeypatch.MonkeyPatch object at 0x12a4c05f0>

    @pytest.fixture
    def passport_apps(sqlite_session: Session, config_overrides, monkeypatch):
        config_overrides(SECRET_KEY="synthetic-webapp-scope-test-key")
        monkeypatch.setattr(wraps.SystemFeatureService, "is_webapp_auth_enabled", lambda: False)
        fixtures = []
        for mode in (AppMode.COMPLETION, AppMode.CHAT, AppMode.WORKFLOW):
            app = App(tenant_id=str(uuid4()), name=f"Scope {mode.value}", mode=mode.value, enable_site=True)
            sqlite_session.add(app)
>           sqlite_session.flush()

api/tests/unit_tests/controllers/web/test_webapp_passport_scope_extend.py:28: 
_ _ _ _ _ _ _ _ _ _ _ _ _ _ _ _ _ _ _ _ _ _ _ _ _ _ _ _ _ _ _ _ _ _ _ _ _ _ _ _ 
/private/tmp/dify-m02-python-complete/lib/python3.12/site-packages/sqlalchemy/orm/session.py:4331: in flush
    self._flush(objects)
/private/tmp/dify-m02-python-complete/lib/python3.12/site-packages/sqlalchemy/orm/session.py:4466: in _flush
    with util.safe_reraise():
         ^^^^^^^^^^^^^^^^^^^
/private/tmp/dify-m02-python-complete/lib/python3.12/site-packages/sqlalchemy/util/langhelpers.py:121: in __exit__
    raise exc_value.with_traceback(exc_tb)
/private/tmp/dify-m02-python-complete/lib/python3.12/site-packages/sqlalchemy/orm/session.py:4427: in _flush
    flush_context.execute()
/private/tmp/dify-m02-python-complete/lib/python3.12/site-packages/sqlalchemy/orm/unitofwork.py:466: in execute
    rec.execute(self)
/private/tmp/dify-m02-python-complete/lib/python3.12/site-packages/sqlalchemy/orm/unitofwork.py:642: in execute
    util.preloaded.orm_persistence.save_obj(
/private/tmp/dify-m02-python-complete/lib/python3.12/site-packages/sqlalchemy/orm/persistence.py:93: in save_obj
    _emit_insert_statements(
/private/tmp/dify-m02-python-complete/lib/python3.12/site-packages/sqlalchemy/orm/persistence.py:1233: in _emit_insert_statements
    result = connection.execute(
/private/tmp/dify-m02-python-complete/lib/python3.12/site-packages/sqlalchemy/engine/base.py:1419: in execute
    return meth(
/private/tmp/dify-m02-python-complete/lib/python3.12/site-packages/sqlalchemy/sql/elements.py:527: in _execute_on_connection
    return connection._execute_clauseelement(
/private/tmp/dify-m02-python-complete/lib/python3.12/site-packages/sqlalchemy/engine/base.py:1641: in _execute_clauseelement
    ret = self._execute_context(
/private/tmp/dify-m02-python-complete/lib/python3.12/site-packages/sqlalchemy/engine/base.py:1846: in _execute_context
    return self._exec_single_context(
/private/tmp/dify-m02-python-complete/lib/python3.12/site-packages/sqlalchemy/engine/base.py:1986: in _exec_single_context
    self._handle_dbapi_exception(
/private/tmp/dify-m02-python-complete/lib/python3.12/site-packages/sqlalchemy/engine/base.py:2363: in _handle_dbapi_exception
    raise sqlalchemy_exception.with_traceback(exc_info[2]) from e
/private/tmp/dify-m02-python-complete/lib/python3.12/site-packages/sqlalchemy/engine/base.py:1967: in _exec_single_context
    self.dialect.do_execute(
_ _ _ _ _ _ _ _ _ _ _ _ _ _ _ _ _ _ _ _ _ _ _ _ _ _ _ _ _ _ _ _ _ _ _ _ _ _ _ _ 

self = <sqlalchemy.dialects.sqlite.pysqlite.SQLiteDialect_pysqlite object at 0x12a4c0e90>
cursor = <sqlite3.Cursor object at 0x12f5ed3c0>
statement = 'INSERT INTO apps (id, tenant_id, name, description, mode, icon_type, icon, icon_background, app_model_config_id, work...RNING description, api_rpm, api_rph, is_demo, is_public, is_universal, created_at, updated_at, use_icon_as_answer_icon'
parameters = ('e26c3ecb-a4d6-496b-9bdb-db1606f93cf3', '3d04e6fc-5819-4508-af7a-80e1aee36fd0', 'Scope completion', 'completion', None, None, ...)
context = <sqlalchemy.dialects.sqlite.base.SQLiteExecutionContext object at 0x12a51b560>

    def do_execute(self, cursor, statement, parameters, context=None):
>       cursor.execute(statement, parameters)
E       sqlalchemy.exc.IntegrityError: (sqlite3.IntegrityError) NOT NULL constraint failed: apps.enable_api
E       [SQL: INSERT INTO apps (id, tenant_id, name, description, mode, icon_type, icon, icon_background, app_model_config_id, workflow_id, status, enable_site, enable_api, max_active_requests, tracing, created_by, maintainer, updated_by) VALUES (?, ?, ?, '', ?, ?, ?, ?, ?, ?, ?, ?, ?, ?, ?, ?, ?, ?) RETURNING description, api_rpm, api_rph, is_demo, is_public, is_universal, created_at, updated_at, use_icon_as_answer_icon]
E       [parameters: ('e26c3ecb-a4d6-496b-9bdb-db1606f93cf3', '3d04e6fc-5819-4508-af7a-80e1aee36fd0', 'Scope completion', 'completion', None, None, None, None, None, 'normal', 1, None, None, None, None, None, None)]
E       (Background on this error at: https://sqlalche.me/e/20/gkpj)

/private/tmp/dify-m02-python-complete/lib/python3.12/site-packages/sqlalchemy/engine/default.py:952: IntegrityError
_ ERROR at setup of test_same_app_passport_resolves_real_app_and_anonymous_browser_user[cookie-1] _

self = <sqlalchemy.engine.base.Connection object at 0x12a62cd10>
dialect = <sqlalchemy.dialects.sqlite.pysqlite.SQLiteDialect_pysqlite object at 0x12a5d09e0>
context = <sqlalchemy.dialects.sqlite.base.SQLiteExecutionContext object at 0x129ac8380>
statement = <sqlalchemy.dialects.sqlite.base.SQLiteCompiler object at 0x12a62e120>
parameters = [('34766b35-e925-46ba-acf6-2dcfa8e14f61', '115136df-01f4-4cdc-9a7d-f5726d0c0e32', 'Scope completion', 'completion', None, None, ...)]

    def _exec_single_context(
        self,
        dialect: Dialect,
        context: ExecutionContext,
        statement: Union[str, Compiled],
        parameters: Optional[_AnyMultiExecuteParams],
    ) -> CursorResult[Any]:
        """continue the _execute_context() method for a single DBAPI
        cursor.execute() or cursor.executemany() call.
    
        """
        if dialect.bind_typing is BindTyping.SETINPUTSIZES:
            generic_setinputsizes = context._prepare_set_input_sizes()
    
            if generic_setinputsizes:
                try:
                    dialect.do_set_input_sizes(
                        context.cursor, generic_setinputsizes, context
                    )
                except BaseException as e:
                    self._handle_dbapi_exception(
                        e, str(statement), parameters, None, context
                    )
    
        cursor, str_statement, parameters = (
            context.cursor,
            context.statement,
            context.parameters,
        )
    
        effective_parameters: Optional[_AnyExecuteParams]
    
        if not context.executemany:
            effective_parameters = parameters[0]
        else:
            effective_parameters = parameters
    
        if self._has_events or self.engine._has_events:
            for fn in self.dispatch.before_cursor_execute:
                str_statement, effective_parameters = fn(
                    self,
                    cursor,
                    str_statement,
                    effective_parameters,
                    context,
                    context.executemany,
                )
    
        if self._echo:
            self._log_info(str_statement)
    
            stats = context._get_cache_stats()
    
            if not self.engine.hide_parameters:
                self._log_info(
                    "[%s] %r",
                    stats,
                    sql_util._repr_params(
                        effective_parameters,
                        batches=10,
                        ismulti=context.executemany,
                    ),
                )
            else:
                self._log_info(
                    "[%s] [SQL parameters hidden due to hide_parameters=True]",
                    stats,
                )
    
        evt_handled: bool = False
        try:
            if context.execute_style is ExecuteStyle.EXECUTEMANY:
                effective_parameters = cast(
                    "_CoreMultiExecuteParams", effective_parameters
                )
                if self.dialect._has_events:
                    for fn in self.dialect.dispatch.do_executemany:
                        if fn(
                            cursor,
                            str_statement,
                            effective_parameters,
                            context,
                        ):
                            evt_handled = True
                            break
                if not evt_handled:
                    self.dialect.do_executemany(
                        cursor,
                        str_statement,
                        effective_parameters,
                        context,
                    )
            elif not effective_parameters and context.no_parameters:
                if self.dialect._has_events:
                    for fn in self.dialect.dispatch.do_execute_no_params:
                        if fn(cursor, str_statement, context):
                            evt_handled = True
                            break
                if not evt_handled:
                    self.dialect.do_execute_no_params(
                        cursor, str_statement, context
                    )
            else:
                effective_parameters = cast(
                    "_CoreSingleExecuteParams", effective_parameters
                )
                if self.dialect._has_events:
                    for fn in self.dialect.dispatch.do_execute:
                        if fn(
                            cursor,
                            str_statement,
                            effective_parameters,
                            context,
                        ):
                            evt_handled = True
                            break
                if not evt_handled:
>                   self.dialect.do_execute(
                        cursor, str_statement, effective_parameters, context
                    )

/private/tmp/dify-m02-python-complete/lib/python3.12/site-packages/sqlalchemy/engine/base.py:1967: 
_ _ _ _ _ _ _ _ _ _ _ _ _ _ _ _ _ _ _ _ _ _ _ _ _ _ _ _ _ _ _ _ _ _ _ _ _ _ _ _ 

self = <sqlalchemy.dialects.sqlite.pysqlite.SQLiteDialect_pysqlite object at 0x12a5d09e0>
cursor = <sqlite3.Cursor object at 0x12d8a1340>
statement = 'INSERT INTO apps (id, tenant_id, name, description, mode, icon_type, icon, icon_background, app_model_config_id, work...RNING description, api_rpm, api_rph, is_demo, is_public, is_universal, created_at, updated_at, use_icon_as_answer_icon'
parameters = ('34766b35-e925-46ba-acf6-2dcfa8e14f61', '115136df-01f4-4cdc-9a7d-f5726d0c0e32', 'Scope completion', 'completion', None, None, ...)
context = <sqlalchemy.dialects.sqlite.base.SQLiteExecutionContext object at 0x129ac8380>

    def do_execute(self, cursor, statement, parameters, context=None):
>       cursor.execute(statement, parameters)
E       sqlite3.IntegrityError: NOT NULL constraint failed: apps.enable_api

/private/tmp/dify-m02-python-complete/lib/python3.12/site-packages/sqlalchemy/engine/default.py:952: IntegrityError

The above exception was the direct cause of the following exception:

sqlite_session = <sqlalchemy.orm.session.Session object at 0x12a6223c0>
config_overrides = <function config_overrides.<locals>.apply at 0x129660e00>
monkeypatch = <_pytest.monkeypatch.MonkeyPatch object at 0x12a5f6ea0>

    @pytest.fixture
    def passport_apps(sqlite_session: Session, config_overrides, monkeypatch):
        config_overrides(SECRET_KEY="synthetic-webapp-scope-test-key")
        monkeypatch.setattr(wraps.SystemFeatureService, "is_webapp_auth_enabled", lambda: False)
        fixtures = []
        for mode in (AppMode.COMPLETION, AppMode.CHAT, AppMode.WORKFLOW):
            app = App(tenant_id=str(uuid4()), name=f"Scope {mode.value}", mode=mode.value, enable_site=True)
            sqlite_session.add(app)
>           sqlite_session.flush()

api/tests/unit_tests/controllers/web/test_webapp_passport_scope_extend.py:28: 
_ _ _ _ _ _ _ _ _ _ _ _ _ _ _ _ _ _ _ _ _ _ _ _ _ _ _ _ _ _ _ _ _ _ _ _ _ _ _ _ 
/private/tmp/dify-m02-python-complete/lib/python3.12/site-packages/sqlalchemy/orm/session.py:4331: in flush
    self._flush(objects)
/private/tmp/dify-m02-python-complete/lib/python3.12/site-packages/sqlalchemy/orm/session.py:4466: in _flush
    with util.safe_reraise():
         ^^^^^^^^^^^^^^^^^^^
/private/tmp/dify-m02-python-complete/lib/python3.12/site-packages/sqlalchemy/util/langhelpers.py:121: in __exit__
    raise exc_value.with_traceback(exc_tb)
/private/tmp/dify-m02-python-complete/lib/python3.12/site-packages/sqlalchemy/orm/session.py:4427: in _flush
    flush_context.execute()
/private/tmp/dify-m02-python-complete/lib/python3.12/site-packages/sqlalchemy/orm/unitofwork.py:466: in execute
    rec.execute(self)
/private/tmp/dify-m02-python-complete/lib/python3.12/site-packages/sqlalchemy/orm/unitofwork.py:642: in execute
    util.preloaded.orm_persistence.save_obj(
/private/tmp/dify-m02-python-complete/lib/python3.12/site-packages/sqlalchemy/orm/persistence.py:93: in save_obj
    _emit_insert_statements(
/private/tmp/dify-m02-python-complete/lib/python3.12/site-packages/sqlalchemy/orm/persistence.py:1233: in _emit_insert_statements
    result = connection.execute(
/private/tmp/dify-m02-python-complete/lib/python3.12/site-packages/sqlalchemy/engine/base.py:1419: in execute
    return meth(
/private/tmp/dify-m02-python-complete/lib/python3.12/site-packages/sqlalchemy/sql/elements.py:527: in _execute_on_connection
    return connection._execute_clauseelement(
/private/tmp/dify-m02-python-complete/lib/python3.12/site-packages/sqlalchemy/engine/base.py:1641: in _execute_clauseelement
    ret = self._execute_context(
/private/tmp/dify-m02-python-complete/lib/python3.12/site-packages/sqlalchemy/engine/base.py:1846: in _execute_context
    return self._exec_single_context(
/private/tmp/dify-m02-python-complete/lib/python3.12/site-packages/sqlalchemy/engine/base.py:1986: in _exec_single_context
    self._handle_dbapi_exception(
/private/tmp/dify-m02-python-complete/lib/python3.12/site-packages/sqlalchemy/engine/base.py:2363: in _handle_dbapi_exception
    raise sqlalchemy_exception.with_traceback(exc_info[2]) from e
/private/tmp/dify-m02-python-complete/lib/python3.12/site-packages/sqlalchemy/engine/base.py:1967: in _exec_single_context
    self.dialect.do_execute(
_ _ _ _ _ _ _ _ _ _ _ _ _ _ _ _ _ _ _ _ _ _ _ _ _ _ _ _ _ _ _ _ _ _ _ _ _ _ _ _ 

self = <sqlalchemy.dialects.sqlite.pysqlite.SQLiteDialect_pysqlite object at 0x12a5d09e0>
cursor = <sqlite3.Cursor object at 0x12d8a1340>
statement = 'INSERT INTO apps (id, tenant_id, name, description, mode, icon_type, icon, icon_background, app_model_config_id, work...RNING description, api_rpm, api_rph, is_demo, is_public, is_universal, created_at, updated_at, use_icon_as_answer_icon'
parameters = ('34766b35-e925-46ba-acf6-2dcfa8e14f61', '115136df-01f4-4cdc-9a7d-f5726d0c0e32', 'Scope completion', 'completion', None, None, ...)
context = <sqlalchemy.dialects.sqlite.base.SQLiteExecutionContext object at 0x129ac8380>

    def do_execute(self, cursor, statement, parameters, context=None):
>       cursor.execute(statement, parameters)
E       sqlalchemy.exc.IntegrityError: (sqlite3.IntegrityError) NOT NULL constraint failed: apps.enable_api
E       [SQL: INSERT INTO apps (id, tenant_id, name, description, mode, icon_type, icon, icon_background, app_model_config_id, workflow_id, status, enable_site, enable_api, max_active_requests, tracing, created_by, maintainer, updated_by) VALUES (?, ?, ?, '', ?, ?, ?, ?, ?, ?, ?, ?, ?, ?, ?, ?, ?, ?) RETURNING description, api_rpm, api_rph, is_demo, is_public, is_universal, created_at, updated_at, use_icon_as_answer_icon]
E       [parameters: ('34766b35-e925-46ba-acf6-2dcfa8e14f61', '115136df-01f4-4cdc-9a7d-f5726d0c0e32', 'Scope completion', 'completion', None, None, None, None, None, 'normal', 1, None, None, None, None, None, None)]
E       (Background on this error at: https://sqlalche.me/e/20/gkpj)

/private/tmp/dify-m02-python-complete/lib/python3.12/site-packages/sqlalchemy/engine/default.py:952: IntegrityError
_ ERROR at setup of test_same_app_passport_resolves_real_app_and_anonymous_browser_user[cookie-2] _

self = <sqlalchemy.engine.base.Connection object at 0x129bdaf30>
dialect = <sqlalchemy.dialects.sqlite.pysqlite.SQLiteDialect_pysqlite object at 0x129c878c0>
context = <sqlalchemy.dialects.sqlite.base.SQLiteExecutionContext object at 0x1296715e0>
statement = <sqlalchemy.dialects.sqlite.base.SQLiteCompiler object at 0x129bdaab0>
parameters = [('65456dba-3e06-481b-bb0c-fdd861f62088', '13869211-4dfe-4346-9898-48ddf6ce662c', 'Scope completion', 'completion', None, None, ...)]

    def _exec_single_context(
        self,
        dialect: Dialect,
        context: ExecutionContext,
        statement: Union[str, Compiled],
        parameters: Optional[_AnyMultiExecuteParams],
    ) -> CursorResult[Any]:
        """continue the _execute_context() method for a single DBAPI
        cursor.execute() or cursor.executemany() call.
    
        """
        if dialect.bind_typing is BindTyping.SETINPUTSIZES:
            generic_setinputsizes = context._prepare_set_input_sizes()
    
            if generic_setinputsizes:
                try:
                    dialect.do_set_input_sizes(
                        context.cursor, generic_setinputsizes, context
                    )
                except BaseException as e:
                    self._handle_dbapi_exception(
                        e, str(statement), parameters, None, context
                    )
    
        cursor, str_statement, parameters = (
            context.cursor,
            context.statement,
            context.parameters,
        )
    
        effective_parameters: Optional[_AnyExecuteParams]
    
        if not context.executemany:
            effective_parameters = parameters[0]
        else:
            effective_parameters = parameters
    
        if self._has_events or self.engine._has_events:
            for fn in self.dispatch.before_cursor_execute:
                str_statement, effective_parameters = fn(
                    self,
                    cursor,
                    str_statement,
                    effective_parameters,
                    context,
                    context.executemany,
                )
    
        if self._echo:
            self._log_info(str_statement)
    
            stats = context._get_cache_stats()
    
            if not self.engine.hide_parameters:
                self._log_info(
                    "[%s] %r",
                    stats,
                    sql_util._repr_params(
                        effective_parameters,
                        batches=10,
                        ismulti=context.executemany,
                    ),
                )
            else:
                self._log_info(
                    "[%s] [SQL parameters hidden due to hide_parameters=True]",
                    stats,
                )
    
        evt_handled: bool = False
        try:
            if context.execute_style is ExecuteStyle.EXECUTEMANY:
                effective_parameters = cast(
                    "_CoreMultiExecuteParams", effective_parameters
                )
                if self.dialect._has_events:
                    for fn in self.dialect.dispatch.do_executemany:
                        if fn(
                            cursor,
                            str_statement,
                            effective_parameters,
                            context,
                        ):
                            evt_handled = True
                            break
                if not evt_handled:
                    self.dialect.do_executemany(
                        cursor,
                        str_statement,
                        effective_parameters,
                        context,
                    )
            elif not effective_parameters and context.no_parameters:
                if self.dialect._has_events:
                    for fn in self.dialect.dispatch.do_execute_no_params:
                        if fn(cursor, str_statement, context):
                            evt_handled = True
                            break
                if not evt_handled:
                    self.dialect.do_execute_no_params(
                        cursor, str_statement, context
                    )
            else:
                effective_parameters = cast(
                    "_CoreSingleExecuteParams", effective_parameters
                )
                if self.dialect._has_events:
                    for fn in self.dialect.dispatch.do_execute:
                        if fn(
                            cursor,
                            str_statement,
                            effective_parameters,
                            context,
                        ):
                            evt_handled = True
                            break
                if not evt_handled:
>                   self.dialect.do_execute(
                        cursor, str_statement, effective_parameters, context
                    )

/private/tmp/dify-m02-python-complete/lib/python3.12/site-packages/sqlalchemy/engine/base.py:1967: 
_ _ _ _ _ _ _ _ _ _ _ _ _ _ _ _ _ _ _ _ _ _ _ _ _ _ _ _ _ _ _ _ _ _ _ _ _ _ _ _ 

self = <sqlalchemy.dialects.sqlite.pysqlite.SQLiteDialect_pysqlite object at 0x129c878c0>
cursor = <sqlite3.Cursor object at 0x12dc225c0>
statement = 'INSERT INTO apps (id, tenant_id, name, description, mode, icon_type, icon, icon_background, app_model_config_id, work...RNING description, api_rpm, api_rph, is_demo, is_public, is_universal, created_at, updated_at, use_icon_as_answer_icon'
parameters = ('65456dba-3e06-481b-bb0c-fdd861f62088', '13869211-4dfe-4346-9898-48ddf6ce662c', 'Scope completion', 'completion', None, None, ...)
context = <sqlalchemy.dialects.sqlite.base.SQLiteExecutionContext object at 0x1296715e0>

    def do_execute(self, cursor, statement, parameters, context=None):
>       cursor.execute(statement, parameters)
E       sqlite3.IntegrityError: NOT NULL constraint failed: apps.enable_api

/private/tmp/dify-m02-python-complete/lib/python3.12/site-packages/sqlalchemy/engine/default.py:952: IntegrityError

The above exception was the direct cause of the following exception:

sqlite_session = <sqlalchemy.orm.session.Session object at 0x129c12090>
config_overrides = <function config_overrides.<locals>.apply at 0x12d073b00>
monkeypatch = <_pytest.monkeypatch.MonkeyPatch object at 0x129c874a0>

    @pytest.fixture
    def passport_apps(sqlite_session: Session, config_overrides, monkeypatch):
        config_overrides(SECRET_KEY="synthetic-webapp-scope-test-key")
        monkeypatch.setattr(wraps.SystemFeatureService, "is_webapp_auth_enabled", lambda: False)
        fixtures = []
        for mode in (AppMode.COMPLETION, AppMode.CHAT, AppMode.WORKFLOW):
            app = App(tenant_id=str(uuid4()), name=f"Scope {mode.value}", mode=mode.value, enable_site=True)
            sqlite_session.add(app)
>           sqlite_session.flush()

api/tests/unit_tests/controllers/web/test_webapp_passport_scope_extend.py:28: 
_ _ _ _ _ _ _ _ _ _ _ _ _ _ _ _ _ _ _ _ _ _ _ _ _ _ _ _ _ _ _ _ _ _ _ _ _ _ _ _ 
/private/tmp/dify-m02-python-complete/lib/python3.12/site-packages/sqlalchemy/orm/session.py:4331: in flush
    self._flush(objects)
/private/tmp/dify-m02-python-complete/lib/python3.12/site-packages/sqlalchemy/orm/session.py:4466: in _flush
    with util.safe_reraise():
         ^^^^^^^^^^^^^^^^^^^
/private/tmp/dify-m02-python-complete/lib/python3.12/site-packages/sqlalchemy/util/langhelpers.py:121: in __exit__
    raise exc_value.with_traceback(exc_tb)
/private/tmp/dify-m02-python-complete/lib/python3.12/site-packages/sqlalchemy/orm/session.py:4427: in _flush
    flush_context.execute()
/private/tmp/dify-m02-python-complete/lib/python3.12/site-packages/sqlalchemy/orm/unitofwork.py:466: in execute
    rec.execute(self)
/private/tmp/dify-m02-python-complete/lib/python3.12/site-packages/sqlalchemy/orm/unitofwork.py:642: in execute
    util.preloaded.orm_persistence.save_obj(
/private/tmp/dify-m02-python-complete/lib/python3.12/site-packages/sqlalchemy/orm/persistence.py:93: in save_obj
    _emit_insert_statements(
/private/tmp/dify-m02-python-complete/lib/python3.12/site-packages/sqlalchemy/orm/persistence.py:1233: in _emit_insert_statements
    result = connection.execute(
/private/tmp/dify-m02-python-complete/lib/python3.12/site-packages/sqlalchemy/engine/base.py:1419: in execute
    return meth(
/private/tmp/dify-m02-python-complete/lib/python3.12/site-packages/sqlalchemy/sql/elements.py:527: in _execute_on_connection
    return connection._execute_clauseelement(
/private/tmp/dify-m02-python-complete/lib/python3.12/site-packages/sqlalchemy/engine/base.py:1641: in _execute_clauseelement
    ret = self._execute_context(
/private/tmp/dify-m02-python-complete/lib/python3.12/site-packages/sqlalchemy/engine/base.py:1846: in _execute_context
    return self._exec_single_context(
/private/tmp/dify-m02-python-complete/lib/python3.12/site-packages/sqlalchemy/engine/base.py:1986: in _exec_single_context
    self._handle_dbapi_exception(
/private/tmp/dify-m02-python-complete/lib/python3.12/site-packages/sqlalchemy/engine/base.py:2363: in _handle_dbapi_exception
    raise sqlalchemy_exception.with_traceback(exc_info[2]) from e
/private/tmp/dify-m02-python-complete/lib/python3.12/site-packages/sqlalchemy/engine/base.py:1967: in _exec_single_context
    self.dialect.do_execute(
_ _ _ _ _ _ _ _ _ _ _ _ _ _ _ _ _ _ _ _ _ _ _ _ _ _ _ _ _ _ _ _ _ _ _ _ _ _ _ _ 

self = <sqlalchemy.dialects.sqlite.pysqlite.SQLiteDialect_pysqlite object at 0x129c878c0>
cursor = <sqlite3.Cursor object at 0x12dc225c0>
statement = 'INSERT INTO apps (id, tenant_id, name, description, mode, icon_type, icon, icon_background, app_model_config_id, work...RNING description, api_rpm, api_rph, is_demo, is_public, is_universal, created_at, updated_at, use_icon_as_answer_icon'
parameters = ('65456dba-3e06-481b-bb0c-fdd861f62088', '13869211-4dfe-4346-9898-48ddf6ce662c', 'Scope completion', 'completion', None, None, ...)
context = <sqlalchemy.dialects.sqlite.base.SQLiteExecutionContext object at 0x1296715e0>

    def do_execute(self, cursor, statement, parameters, context=None):
>       cursor.execute(statement, parameters)
E       sqlalchemy.exc.IntegrityError: (sqlite3.IntegrityError) NOT NULL constraint failed: apps.enable_api
E       [SQL: INSERT INTO apps (id, tenant_id, name, description, mode, icon_type, icon, icon_background, app_model_config_id, workflow_id, status, enable_site, enable_api, max_active_requests, tracing, created_by, maintainer, updated_by) VALUES (?, ?, ?, '', ?, ?, ?, ?, ?, ?, ?, ?, ?, ?, ?, ?, ?, ?) RETURNING description, api_rpm, api_rph, is_demo, is_public, is_universal, created_at, updated_at, use_icon_as_answer_icon]
E       [parameters: ('65456dba-3e06-481b-bb0c-fdd861f62088', '13869211-4dfe-4346-9898-48ddf6ce662c', 'Scope completion', 'completion', None, None, None, None, None, 'normal', 1, None, None, None, None, None, None)]
E       (Background on this error at: https://sqlalche.me/e/20/gkpj)

/private/tmp/dify-m02-python-complete/lib/python3.12/site-packages/sqlalchemy/engine/default.py:952: IntegrityError
_ ERROR at setup of test_same_app_passport_resolves_real_app_and_anonymous_browser_user[no_explicit_code-0] _

self = <sqlalchemy.engine.base.Connection object at 0x126f40aa0>
dialect = <sqlalchemy.dialects.sqlite.pysqlite.SQLiteDialect_pysqlite object at 0x126f419a0>
context = <sqlalchemy.dialects.sqlite.base.SQLiteExecutionContext object at 0x126edf170>
statement = <sqlalchemy.dialects.sqlite.base.SQLiteCompiler object at 0x126f41310>
parameters = [('e98e4d4c-6c79-4875-a35d-7c17ccb5a8b4', '00e98cdb-1551-4090-ba72-23000605e857', 'Scope completion', 'completion', None, None, ...)]

    def _exec_single_context(
        self,
        dialect: Dialect,
        context: ExecutionContext,
        statement: Union[str, Compiled],
        parameters: Optional[_AnyMultiExecuteParams],
    ) -> CursorResult[Any]:
        """continue the _execute_context() method for a single DBAPI
        cursor.execute() or cursor.executemany() call.
    
        """
        if dialect.bind_typing is BindTyping.SETINPUTSIZES:
            generic_setinputsizes = context._prepare_set_input_sizes()
    
            if generic_setinputsizes:
                try:
                    dialect.do_set_input_sizes(
                        context.cursor, generic_setinputsizes, context
                    )
                except BaseException as e:
                    self._handle_dbapi_exception(
                        e, str(statement), parameters, None, context
                    )
    
        cursor, str_statement, parameters = (
            context.cursor,
            context.statement,
            context.parameters,
        )
    
        effective_parameters: Optional[_AnyExecuteParams]
    
        if not context.executemany:
            effective_parameters = parameters[0]
        else:
            effective_parameters = parameters
    
        if self._has_events or self.engine._has_events:
            for fn in self.dispatch.before_cursor_execute:
                str_statement, effective_parameters = fn(
                    self,
                    cursor,
                    str_statement,
                    effective_parameters,
                    context,
                    context.executemany,
                )
    
        if self._echo:
            self._log_info(str_statement)
    
            stats = context._get_cache_stats()
    
            if not self.engine.hide_parameters:
                self._log_info(
                    "[%s] %r",
                    stats,
                    sql_util._repr_params(
                        effective_parameters,
                        batches=10,
                        ismulti=context.executemany,
                    ),
                )
            else:
                self._log_info(
                    "[%s] [SQL parameters hidden due to hide_parameters=True]",
                    stats,
                )
    
        evt_handled: bool = False
        try:
            if context.execute_style is ExecuteStyle.EXECUTEMANY:
                effective_parameters = cast(
                    "_CoreMultiExecuteParams", effective_parameters
                )
                if self.dialect._has_events:
                    for fn in self.dialect.dispatch.do_executemany:
                        if fn(
                            cursor,
                            str_statement,
                            effective_parameters,
                            context,
                        ):
                            evt_handled = True
                            break
                if not evt_handled:
                    self.dialect.do_executemany(
                        cursor,
                        str_statement,
                        effective_parameters,
                        context,
                    )
            elif not effective_parameters and context.no_parameters:
                if self.dialect._has_events:
                    for fn in self.dialect.dispatch.do_execute_no_params:
                        if fn(cursor, str_statement, context):
                            evt_handled = True
                            break
                if not evt_handled:
                    self.dialect.do_execute_no_params(
                        cursor, str_statement, context
                    )
            else:
                effective_parameters = cast(
                    "_CoreSingleExecuteParams", effective_parameters
                )
                if self.dialect._has_events:
                    for fn in self.dialect.dispatch.do_execute:
                        if fn(
                            cursor,
                            str_statement,
                            effective_parameters,
                            context,
                        ):
                            evt_handled = True
                            break
                if not evt_handled:
>                   self.dialect.do_execute(
                        cursor, str_statement, effective_parameters, context
                    )

/private/tmp/dify-m02-python-complete/lib/python3.12/site-packages/sqlalchemy/engine/base.py:1967: 
_ _ _ _ _ _ _ _ _ _ _ _ _ _ _ _ _ _ _ _ _ _ _ _ _ _ _ _ _ _ _ _ _ _ _ _ _ _ _ _ 

self = <sqlalchemy.dialects.sqlite.pysqlite.SQLiteDialect_pysqlite object at 0x126f419a0>
cursor = <sqlite3.Cursor object at 0x12dca9bc0>
statement = 'INSERT INTO apps (id, tenant_id, name, description, mode, icon_type, icon, icon_background, app_model_config_id, work...RNING description, api_rpm, api_rph, is_demo, is_public, is_universal, created_at, updated_at, use_icon_as_answer_icon'
parameters = ('e98e4d4c-6c79-4875-a35d-7c17ccb5a8b4', '00e98cdb-1551-4090-ba72-23000605e857', 'Scope completion', 'completion', None, None, ...)
context = <sqlalchemy.dialects.sqlite.base.SQLiteExecutionContext object at 0x126edf170>

    def do_execute(self, cursor, statement, parameters, context=None):
>       cursor.execute(statement, parameters)
E       sqlite3.IntegrityError: NOT NULL constraint failed: apps.enable_api

/private/tmp/dify-m02-python-complete/lib/python3.12/site-packages/sqlalchemy/engine/default.py:952: IntegrityError

The above exception was the direct cause of the following exception:

sqlite_session = <sqlalchemy.orm.session.Session object at 0x126f40590>
config_overrides = <function config_overrides.<locals>.apply at 0x12edb7100>
monkeypatch = <_pytest.monkeypatch.MonkeyPatch object at 0x126f417f0>

    @pytest.fixture
    def passport_apps(sqlite_session: Session, config_overrides, monkeypatch):
        config_overrides(SECRET_KEY="synthetic-webapp-scope-test-key")
        monkeypatch.setattr(wraps.SystemFeatureService, "is_webapp_auth_enabled", lambda: False)
        fixtures = []
        for mode in (AppMode.COMPLETION, AppMode.CHAT, AppMode.WORKFLOW):
            app = App(tenant_id=str(uuid4()), name=f"Scope {mode.value}", mode=mode.value, enable_site=True)
            sqlite_session.add(app)
>           sqlite_session.flush()

api/tests/unit_tests/controllers/web/test_webapp_passport_scope_extend.py:28: 
_ _ _ _ _ _ _ _ _ _ _ _ _ _ _ _ _ _ _ _ _ _ _ _ _ _ _ _ _ _ _ _ _ _ _ _ _ _ _ _ 
/private/tmp/dify-m02-python-complete/lib/python3.12/site-packages/sqlalchemy/orm/session.py:4331: in flush
    self._flush(objects)
/private/tmp/dify-m02-python-complete/lib/python3.12/site-packages/sqlalchemy/orm/session.py:4466: in _flush
    with util.safe_reraise():
         ^^^^^^^^^^^^^^^^^^^
/private/tmp/dify-m02-python-complete/lib/python3.12/site-packages/sqlalchemy/util/langhelpers.py:121: in __exit__
    raise exc_value.with_traceback(exc_tb)
/private/tmp/dify-m02-python-complete/lib/python3.12/site-packages/sqlalchemy/orm/session.py:4427: in _flush
    flush_context.execute()
/private/tmp/dify-m02-python-complete/lib/python3.12/site-packages/sqlalchemy/orm/unitofwork.py:466: in execute
    rec.execute(self)
/private/tmp/dify-m02-python-complete/lib/python3.12/site-packages/sqlalchemy/orm/unitofwork.py:642: in execute
    util.preloaded.orm_persistence.save_obj(
/private/tmp/dify-m02-python-complete/lib/python3.12/site-packages/sqlalchemy/orm/persistence.py:93: in save_obj
    _emit_insert_statements(
/private/tmp/dify-m02-python-complete/lib/python3.12/site-packages/sqlalchemy/orm/persistence.py:1233: in _emit_insert_statements
    result = connection.execute(
/private/tmp/dify-m02-python-complete/lib/python3.12/site-packages/sqlalchemy/engine/base.py:1419: in execute
    return meth(
/private/tmp/dify-m02-python-complete/lib/python3.12/site-packages/sqlalchemy/sql/elements.py:527: in _execute_on_connection
    return connection._execute_clauseelement(
/private/tmp/dify-m02-python-complete/lib/python3.12/site-packages/sqlalchemy/engine/base.py:1641: in _execute_clauseelement
    ret = self._execute_context(
/private/tmp/dify-m02-python-complete/lib/python3.12/site-packages/sqlalchemy/engine/base.py:1846: in _execute_context
    return self._exec_single_context(
/private/tmp/dify-m02-python-complete/lib/python3.12/site-packages/sqlalchemy/engine/base.py:1986: in _exec_single_context
    self._handle_dbapi_exception(
/private/tmp/dify-m02-python-complete/lib/python3.12/site-packages/sqlalchemy/engine/base.py:2363: in _handle_dbapi_exception
    raise sqlalchemy_exception.with_traceback(exc_info[2]) from e
/private/tmp/dify-m02-python-complete/lib/python3.12/site-packages/sqlalchemy/engine/base.py:1967: in _exec_single_context
    self.dialect.do_execute(
_ _ _ _ _ _ _ _ _ _ _ _ _ _ _ _ _ _ _ _ _ _ _ _ _ _ _ _ _ _ _ _ _ _ _ _ _ _ _ _ 

self = <sqlalchemy.dialects.sqlite.pysqlite.SQLiteDialect_pysqlite object at 0x126f419a0>
cursor = <sqlite3.Cursor object at 0x12dca9bc0>
statement = 'INSERT INTO apps (id, tenant_id, name, description, mode, icon_type, icon, icon_background, app_model_config_id, work...RNING description, api_rpm, api_rph, is_demo, is_public, is_universal, created_at, updated_at, use_icon_as_answer_icon'
parameters = ('e98e4d4c-6c79-4875-a35d-7c17ccb5a8b4', '00e98cdb-1551-4090-ba72-23000605e857', 'Scope completion', 'completion', None, None, ...)
context = <sqlalchemy.dialects.sqlite.base.SQLiteExecutionContext object at 0x126edf170>

    def do_execute(self, cursor, statement, parameters, context=None):
>       cursor.execute(statement, parameters)
E       sqlalchemy.exc.IntegrityError: (sqlite3.IntegrityError) NOT NULL constraint failed: apps.enable_api
E       [SQL: INSERT INTO apps (id, tenant_id, name, description, mode, icon_type, icon, icon_background, app_model_config_id, workflow_id, status, enable_site, enable_api, max_active_requests, tracing, created_by, maintainer, updated_by) VALUES (?, ?, ?, '', ?, ?, ?, ?, ?, ?, ?, ?, ?, ?, ?, ?, ?, ?) RETURNING description, api_rpm, api_rph, is_demo, is_public, is_universal, created_at, updated_at, use_icon_as_answer_icon]
E       [parameters: ('e98e4d4c-6c79-4875-a35d-7c17ccb5a8b4', '00e98cdb-1551-4090-ba72-23000605e857', 'Scope completion', 'completion', None, None, None, None, None, 'normal', 1, None, None, None, None, None, None)]
E       (Background on this error at: https://sqlalche.me/e/20/gkpj)

/private/tmp/dify-m02-python-complete/lib/python3.12/site-packages/sqlalchemy/engine/default.py:952: IntegrityError
_ ERROR at setup of test_same_app_passport_resolves_real_app_and_anonymous_browser_user[no_explicit_code-1] _

self = <sqlalchemy.engine.base.Connection object at 0x12ef4ade0>
dialect = <sqlalchemy.dialects.sqlite.pysqlite.SQLiteDialect_pysqlite object at 0x12ef4a780>
context = <sqlalchemy.dialects.sqlite.base.SQLiteExecutionContext object at 0x12ef4ba40>
statement = <sqlalchemy.dialects.sqlite.base.SQLiteCompiler object at 0x12ef4b860>
parameters = [('c7e2a738-5282-4834-ade1-0f99cb061202', '7b0b4ce3-5bc5-4c4a-82f9-4780389a37d5', 'Scope completion', 'completion', None, None, ...)]

    def _exec_single_context(
        self,
        dialect: Dialect,
        context: ExecutionContext,
        statement: Union[str, Compiled],
        parameters: Optional[_AnyMultiExecuteParams],
    ) -> CursorResult[Any]:
        """continue the _execute_context() method for a single DBAPI
        cursor.execute() or cursor.executemany() call.
    
        """
        if dialect.bind_typing is BindTyping.SETINPUTSIZES:
            generic_setinputsizes = context._prepare_set_input_sizes()
    
            if generic_setinputsizes:
                try:
                    dialect.do_set_input_sizes(
                        context.cursor, generic_setinputsizes, context
                    )
                except BaseException as e:
                    self._handle_dbapi_exception(
                        e, str(statement), parameters, None, context
                    )
    
        cursor, str_statement, parameters = (
            context.cursor,
            context.statement,
            context.parameters,
        )
    
        effective_parameters: Optional[_AnyExecuteParams]
    
        if not context.executemany:
            effective_parameters = parameters[0]
        else:
            effective_parameters = parameters
    
        if self._has_events or self.engine._has_events:
            for fn in self.dispatch.before_cursor_execute:
                str_statement, effective_parameters = fn(
                    self,
                    cursor,
                    str_statement,
                    effective_parameters,
                    context,
                    context.executemany,
                )
    
        if self._echo:
            self._log_info(str_statement)
    
            stats = context._get_cache_stats()
    
            if not self.engine.hide_parameters:
                self._log_info(
                    "[%s] %r",
                    stats,
                    sql_util._repr_params(
                        effective_parameters,
                        batches=10,
                        ismulti=context.executemany,
                    ),
                )
            else:
                self._log_info(
                    "[%s] [SQL parameters hidden due to hide_parameters=True]",
                    stats,
                )
    
        evt_handled: bool = False
        try:
            if context.execute_style is ExecuteStyle.EXECUTEMANY:
                effective_parameters = cast(
                    "_CoreMultiExecuteParams", effective_parameters
                )
                if self.dialect._has_events:
                    for fn in self.dialect.dispatch.do_executemany:
                        if fn(
                            cursor,
                            str_statement,
                            effective_parameters,
                            context,
                        ):
                            evt_handled = True
                            break
                if not evt_handled:
                    self.dialect.do_executemany(
                        cursor,
                        str_statement,
                        effective_parameters,
                        context,
                    )
            elif not effective_parameters and context.no_parameters:
                if self.dialect._has_events:
                    for fn in self.dialect.dispatch.do_execute_no_params:
                        if fn(cursor, str_statement, context):
                            evt_handled = True
                            break
                if not evt_handled:
                    self.dialect.do_execute_no_params(
                        cursor, str_statement, context
                    )
            else:
                effective_parameters = cast(
                    "_CoreSingleExecuteParams", effective_parameters
                )
                if self.dialect._has_events:
                    for fn in self.dialect.dispatch.do_execute:
                        if fn(
                            cursor,
                            str_statement,
                            effective_parameters,
                            context,
                        ):
                            evt_handled = True
                            break
                if not evt_handled:
>                   self.dialect.do_execute(
                        cursor, str_statement, effective_parameters, context
                    )

/private/tmp/dify-m02-python-complete/lib/python3.12/site-packages/sqlalchemy/engine/base.py:1967: 
_ _ _ _ _ _ _ _ _ _ _ _ _ _ _ _ _ _ _ _ _ _ _ _ _ _ _ _ _ _ _ _ _ _ _ _ _ _ _ _ 

self = <sqlalchemy.dialects.sqlite.pysqlite.SQLiteDialect_pysqlite object at 0x12ef4a780>
cursor = <sqlite3.Cursor object at 0x12fa7a340>
statement = 'INSERT INTO apps (id, tenant_id, name, description, mode, icon_type, icon, icon_background, app_model_config_id, work...RNING description, api_rpm, api_rph, is_demo, is_public, is_universal, created_at, updated_at, use_icon_as_answer_icon'
parameters = ('c7e2a738-5282-4834-ade1-0f99cb061202', '7b0b4ce3-5bc5-4c4a-82f9-4780389a37d5', 'Scope completion', 'completion', None, None, ...)
context = <sqlalchemy.dialects.sqlite.base.SQLiteExecutionContext object at 0x12ef4ba40>

    def do_execute(self, cursor, statement, parameters, context=None):
>       cursor.execute(statement, parameters)
E       sqlite3.IntegrityError: NOT NULL constraint failed: apps.enable_api

/private/tmp/dify-m02-python-complete/lib/python3.12/site-packages/sqlalchemy/engine/default.py:952: IntegrityError

The above exception was the direct cause of the following exception:

sqlite_session = <sqlalchemy.orm.session.Session object at 0x12ef4a990>
config_overrides = <function config_overrides.<locals>.apply at 0x12edd9800>
monkeypatch = <_pytest.monkeypatch.MonkeyPatch object at 0x12ef4a090>

    @pytest.fixture
    def passport_apps(sqlite_session: Session, config_overrides, monkeypatch):
        config_overrides(SECRET_KEY="synthetic-webapp-scope-test-key")
        monkeypatch.setattr(wraps.SystemFeatureService, "is_webapp_auth_enabled", lambda: False)
        fixtures = []
        for mode in (AppMode.COMPLETION, AppMode.CHAT, AppMode.WORKFLOW):
            app = App(tenant_id=str(uuid4()), name=f"Scope {mode.value}", mode=mode.value, enable_site=True)
            sqlite_session.add(app)
>           sqlite_session.flush()

api/tests/unit_tests/controllers/web/test_webapp_passport_scope_extend.py:28: 
_ _ _ _ _ _ _ _ _ _ _ _ _ _ _ _ _ _ _ _ _ _ _ _ _ _ _ _ _ _ _ _ _ _ _ _ _ _ _ _ 
/private/tmp/dify-m02-python-complete/lib/python3.12/site-packages/sqlalchemy/orm/session.py:4331: in flush
    self._flush(objects)
/private/tmp/dify-m02-python-complete/lib/python3.12/site-packages/sqlalchemy/orm/session.py:4466: in _flush
    with util.safe_reraise():
         ^^^^^^^^^^^^^^^^^^^
/private/tmp/dify-m02-python-complete/lib/python3.12/site-packages/sqlalchemy/util/langhelpers.py:121: in __exit__
    raise exc_value.with_traceback(exc_tb)
/private/tmp/dify-m02-python-complete/lib/python3.12/site-packages/sqlalchemy/orm/session.py:4427: in _flush
    flush_context.execute()
/private/tmp/dify-m02-python-complete/lib/python3.12/site-packages/sqlalchemy/orm/unitofwork.py:466: in execute
    rec.execute(self)
/private/tmp/dify-m02-python-complete/lib/python3.12/site-packages/sqlalchemy/orm/unitofwork.py:642: in execute
    util.preloaded.orm_persistence.save_obj(
/private/tmp/dify-m02-python-complete/lib/python3.12/site-packages/sqlalchemy/orm/persistence.py:93: in save_obj
    _emit_insert_statements(
/private/tmp/dify-m02-python-complete/lib/python3.12/site-packages/sqlalchemy/orm/persistence.py:1233: in _emit_insert_statements
    result = connection.execute(
/private/tmp/dify-m02-python-complete/lib/python3.12/site-packages/sqlalchemy/engine/base.py:1419: in execute
    return meth(
/private/tmp/dify-m02-python-complete/lib/python3.12/site-packages/sqlalchemy/sql/elements.py:527: in _execute_on_connection
    return connection._execute_clauseelement(
/private/tmp/dify-m02-python-complete/lib/python3.12/site-packages/sqlalchemy/engine/base.py:1641: in _execute_clauseelement
    ret = self._execute_context(
/private/tmp/dify-m02-python-complete/lib/python3.12/site-packages/sqlalchemy/engine/base.py:1846: in _execute_context
    return self._exec_single_context(
/private/tmp/dify-m02-python-complete/lib/python3.12/site-packages/sqlalchemy/engine/base.py:1986: in _exec_single_context
    self._handle_dbapi_exception(
/private/tmp/dify-m02-python-complete/lib/python3.12/site-packages/sqlalchemy/engine/base.py:2363: in _handle_dbapi_exception
    raise sqlalchemy_exception.with_traceback(exc_info[2]) from e
/private/tmp/dify-m02-python-complete/lib/python3.12/site-packages/sqlalchemy/engine/base.py:1967: in _exec_single_context
    self.dialect.do_execute(
_ _ _ _ _ _ _ _ _ _ _ _ _ _ _ _ _ _ _ _ _ _ _ _ _ _ _ _ _ _ _ _ _ _ _ _ _ _ _ _ 

self = <sqlalchemy.dialects.sqlite.pysqlite.SQLiteDialect_pysqlite object at 0x12ef4a780>
cursor = <sqlite3.Cursor object at 0x12fa7a340>
statement = 'INSERT INTO apps (id, tenant_id, name, description, mode, icon_type, icon, icon_background, app_model_config_id, work...RNING description, api_rpm, api_rph, is_demo, is_public, is_universal, created_at, updated_at, use_icon_as_answer_icon'
parameters = ('c7e2a738-5282-4834-ade1-0f99cb061202', '7b0b4ce3-5bc5-4c4a-82f9-4780389a37d5', 'Scope completion', 'completion', None, None, ...)
context = <sqlalchemy.dialects.sqlite.base.SQLiteExecutionContext object at 0x12ef4ba40>

    def do_execute(self, cursor, statement, parameters, context=None):
>       cursor.execute(statement, parameters)
E       sqlalchemy.exc.IntegrityError: (sqlite3.IntegrityError) NOT NULL constraint failed: apps.enable_api
E       [SQL: INSERT INTO apps (id, tenant_id, name, description, mode, icon_type, icon, icon_background, app_model_config_id, workflow_id, status, enable_site, enable_api, max_active_requests, tracing, created_by, maintainer, updated_by) VALUES (?, ?, ?, '', ?, ?, ?, ?, ?, ?, ?, ?, ?, ?, ?, ?, ?, ?) RETURNING description, api_rpm, api_rph, is_demo, is_public, is_universal, created_at, updated_at, use_icon_as_answer_icon]
E       [parameters: ('c7e2a738-5282-4834-ade1-0f99cb061202', '7b0b4ce3-5bc5-4c4a-82f9-4780389a37d5', 'Scope completion', 'completion', None, None, None, None, None, 'normal', 1, None, None, None, None, None, None)]
E       (Background on this error at: https://sqlalche.me/e/20/gkpj)

/private/tmp/dify-m02-python-complete/lib/python3.12/site-packages/sqlalchemy/engine/default.py:952: IntegrityError
_ ERROR at setup of test_same_app_passport_resolves_real_app_and_anonymous_browser_user[no_explicit_code-2] _

self = <sqlalchemy.engine.base.Connection object at 0x12edd7170>
dialect = <sqlalchemy.dialects.sqlite.pysqlite.SQLiteDialect_pysqlite object at 0x12edd5f40>
context = <sqlalchemy.dialects.sqlite.base.SQLiteExecutionContext object at 0x12edd7d10>
statement = <sqlalchemy.dialects.sqlite.base.SQLiteCompiler object at 0x12edd77d0>
parameters = [('1318c902-7710-4b74-8f37-24fc89a0a1b6', 'eddcdf43-7a60-4088-a249-48dc4ab4b5f3', 'Scope completion', 'completion', None, None, ...)]

    def _exec_single_context(
        self,
        dialect: Dialect,
        context: ExecutionContext,
        statement: Union[str, Compiled],
        parameters: Optional[_AnyMultiExecuteParams],
    ) -> CursorResult[Any]:
        """continue the _execute_context() method for a single DBAPI
        cursor.execute() or cursor.executemany() call.
    
        """
        if dialect.bind_typing is BindTyping.SETINPUTSIZES:
            generic_setinputsizes = context._prepare_set_input_sizes()
    
            if generic_setinputsizes:
                try:
                    dialect.do_set_input_sizes(
                        context.cursor, generic_setinputsizes, context
                    )
                except BaseException as e:
                    self._handle_dbapi_exception(
                        e, str(statement), parameters, None, context
                    )
    
        cursor, str_statement, parameters = (
            context.cursor,
            context.statement,
            context.parameters,
        )
    
        effective_parameters: Optional[_AnyExecuteParams]
    
        if not context.executemany:
            effective_parameters = parameters[0]
        else:
            effective_parameters = parameters
    
        if self._has_events or self.engine._has_events:
            for fn in self.dispatch.before_cursor_execute:
                str_statement, effective_parameters = fn(
                    self,
                    cursor,
                    str_statement,
                    effective_parameters,
                    context,
                    context.executemany,
                )
    
        if self._echo:
            self._log_info(str_statement)
    
            stats = context._get_cache_stats()
    
            if not self.engine.hide_parameters:
                self._log_info(
                    "[%s] %r",
                    stats,
                    sql_util._repr_params(
                        effective_parameters,
                        batches=10,
                        ismulti=context.executemany,
                    ),
                )
            else:
                self._log_info(
                    "[%s] [SQL parameters hidden due to hide_parameters=True]",
                    stats,
                )
    
        evt_handled: bool = False
        try:
            if context.execute_style is ExecuteStyle.EXECUTEMANY:
                effective_parameters = cast(
                    "_CoreMultiExecuteParams", effective_parameters
                )
                if self.dialect._has_events:
                    for fn in self.dialect.dispatch.do_executemany:
                        if fn(
                            cursor,
                            str_statement,
                            effective_parameters,
                            context,
                        ):
                            evt_handled = True
                            break
                if not evt_handled:
                    self.dialect.do_executemany(
                        cursor,
                        str_statement,
                        effective_parameters,
                        context,
                    )
            elif not effective_parameters and context.no_parameters:
                if self.dialect._has_events:
                    for fn in self.dialect.dispatch.do_execute_no_params:
                        if fn(cursor, str_statement, context):
                            evt_handled = True
                            break
                if not evt_handled:
                    self.dialect.do_execute_no_params(
                        cursor, str_statement, context
                    )
            else:
                effective_parameters = cast(
                    "_CoreSingleExecuteParams", effective_parameters
                )
                if self.dialect._has_events:
                    for fn in self.dialect.dispatch.do_execute:
                        if fn(
                            cursor,
                            str_statement,
                            effective_parameters,
                            context,
                        ):
                            evt_handled = True
                            break
                if not evt_handled:
>                   self.dialect.do_execute(
                        cursor, str_statement, effective_parameters, context
                    )

/private/tmp/dify-m02-python-complete/lib/python3.12/site-packages/sqlalchemy/engine/base.py:1967: 
_ _ _ _ _ _ _ _ _ _ _ _ _ _ _ _ _ _ _ _ _ _ _ _ _ _ _ _ _ _ _ _ _ _ _ _ _ _ _ _ 

self = <sqlalchemy.dialects.sqlite.pysqlite.SQLiteDialect_pysqlite object at 0x12edd5f40>
cursor = <sqlite3.Cursor object at 0x12df82c40>
statement = 'INSERT INTO apps (id, tenant_id, name, description, mode, icon_type, icon, icon_background, app_model_config_id, work...RNING description, api_rpm, api_rph, is_demo, is_public, is_universal, created_at, updated_at, use_icon_as_answer_icon'
parameters = ('1318c902-7710-4b74-8f37-24fc89a0a1b6', 'eddcdf43-7a60-4088-a249-48dc4ab4b5f3', 'Scope completion', 'completion', None, None, ...)
context = <sqlalchemy.dialects.sqlite.base.SQLiteExecutionContext object at 0x12edd7d10>

    def do_execute(self, cursor, statement, parameters, context=None):
>       cursor.execute(statement, parameters)
E       sqlite3.IntegrityError: NOT NULL constraint failed: apps.enable_api

/private/tmp/dify-m02-python-complete/lib/python3.12/site-packages/sqlalchemy/engine/default.py:952: IntegrityError

The above exception was the direct cause of the following exception:

sqlite_session = <sqlalchemy.orm.session.Session object at 0x12edd6e70>
config_overrides = <function config_overrides.<locals>.apply at 0x12efd0220>
monkeypatch = <_pytest.monkeypatch.MonkeyPatch object at 0x12edd6a50>

    @pytest.fixture
    def passport_apps(sqlite_session: Session, config_overrides, monkeypatch):
        config_overrides(SECRET_KEY="synthetic-webapp-scope-test-key")
        monkeypatch.setattr(wraps.SystemFeatureService, "is_webapp_auth_enabled", lambda: False)
        fixtures = []
        for mode in (AppMode.COMPLETION, AppMode.CHAT, AppMode.WORKFLOW):
            app = App(tenant_id=str(uuid4()), name=f"Scope {mode.value}", mode=mode.value, enable_site=True)
            sqlite_session.add(app)
>           sqlite_session.flush()

api/tests/unit_tests/controllers/web/test_webapp_passport_scope_extend.py:28: 
_ _ _ _ _ _ _ _ _ _ _ _ _ _ _ _ _ _ _ _ _ _ _ _ _ _ _ _ _ _ _ _ _ _ _ _ _ _ _ _ 
/private/tmp/dify-m02-python-complete/lib/python3.12/site-packages/sqlalchemy/orm/session.py:4331: in flush
    self._flush(objects)
/private/tmp/dify-m02-python-complete/lib/python3.12/site-packages/sqlalchemy/orm/session.py:4466: in _flush
    with util.safe_reraise():
         ^^^^^^^^^^^^^^^^^^^
/private/tmp/dify-m02-python-complete/lib/python3.12/site-packages/sqlalchemy/util/langhelpers.py:121: in __exit__
    raise exc_value.with_traceback(exc_tb)
/private/tmp/dify-m02-python-complete/lib/python3.12/site-packages/sqlalchemy/orm/session.py:4427: in _flush
    flush_context.execute()
/private/tmp/dify-m02-python-complete/lib/python3.12/site-packages/sqlalchemy/orm/unitofwork.py:466: in execute
    rec.execute(self)
/private/tmp/dify-m02-python-complete/lib/python3.12/site-packages/sqlalchemy/orm/unitofwork.py:642: in execute
    util.preloaded.orm_persistence.save_obj(
/private/tmp/dify-m02-python-complete/lib/python3.12/site-packages/sqlalchemy/orm/persistence.py:93: in save_obj
    _emit_insert_statements(
/private/tmp/dify-m02-python-complete/lib/python3.12/site-packages/sqlalchemy/orm/persistence.py:1233: in _emit_insert_statements
    result = connection.execute(
/private/tmp/dify-m02-python-complete/lib/python3.12/site-packages/sqlalchemy/engine/base.py:1419: in execute
    return meth(
/private/tmp/dify-m02-python-complete/lib/python3.12/site-packages/sqlalchemy/sql/elements.py:527: in _execute_on_connection
    return connection._execute_clauseelement(
/private/tmp/dify-m02-python-complete/lib/python3.12/site-packages/sqlalchemy/engine/base.py:1641: in _execute_clauseelement
    ret = self._execute_context(
/private/tmp/dify-m02-python-complete/lib/python3.12/site-packages/sqlalchemy/engine/base.py:1846: in _execute_context
    return self._exec_single_context(
/private/tmp/dify-m02-python-complete/lib/python3.12/site-packages/sqlalchemy/engine/base.py:1986: in _exec_single_context
    self._handle_dbapi_exception(
/private/tmp/dify-m02-python-complete/lib/python3.12/site-packages/sqlalchemy/engine/base.py:2363: in _handle_dbapi_exception
    raise sqlalchemy_exception.with_traceback(exc_info[2]) from e
/private/tmp/dify-m02-python-complete/lib/python3.12/site-packages/sqlalchemy/engine/base.py:1967: in _exec_single_context
    self.dialect.do_execute(
_ _ _ _ _ _ _ _ _ _ _ _ _ _ _ _ _ _ _ _ _ _ _ _ _ _ _ _ _ _ _ _ _ _ _ _ _ _ _ _ 

self = <sqlalchemy.dialects.sqlite.pysqlite.SQLiteDialect_pysqlite object at 0x12edd5f40>
cursor = <sqlite3.Cursor object at 0x12df82c40>
statement = 'INSERT INTO apps (id, tenant_id, name, description, mode, icon_type, icon, icon_background, app_model_config_id, work...RNING description, api_rpm, api_rph, is_demo, is_public, is_universal, created_at, updated_at, use_icon_as_answer_icon'
parameters = ('1318c902-7710-4b74-8f37-24fc89a0a1b6', 'eddcdf43-7a60-4088-a249-48dc4ab4b5f3', 'Scope completion', 'completion', None, None, ...)
context = <sqlalchemy.dialects.sqlite.base.SQLiteExecutionContext object at 0x12edd7d10>

    def do_execute(self, cursor, statement, parameters, context=None):
>       cursor.execute(statement, parameters)
E       sqlalchemy.exc.IntegrityError: (sqlite3.IntegrityError) NOT NULL constraint failed: apps.enable_api
E       [SQL: INSERT INTO apps (id, tenant_id, name, description, mode, icon_type, icon, icon_background, app_model_config_id, workflow_id, status, enable_site, enable_api, max_active_requests, tracing, created_by, maintainer, updated_by) VALUES (?, ?, ?, '', ?, ?, ?, ?, ?, ?, ?, ?, ?, ?, ?, ?, ?, ?) RETURNING description, api_rpm, api_rph, is_demo, is_public, is_universal, created_at, updated_at, use_icon_as_answer_icon]
E       [parameters: ('1318c902-7710-4b74-8f37-24fc89a0a1b6', 'eddcdf43-7a60-4088-a249-48dc4ab4b5f3', 'Scope completion', 'completion', None, None, None, None, None, 'normal', 1, None, None, None, None, None, None)]
E       (Background on this error at: https://sqlalche.me/e/20/gkpj)

/private/tmp/dify-m02-python-complete/lib/python3.12/site-packages/sqlalchemy/engine/default.py:952: IntegrityError
_ ERROR at setup of test_cross_app_scope_rejected_before_database_or_enterprise_dispatch[False-header-pair0] _

self = <sqlalchemy.engine.base.Connection object at 0x12ee65490>
dialect = <sqlalchemy.dialects.sqlite.pysqlite.SQLiteDialect_pysqlite object at 0x12ee66570>
context = <sqlalchemy.dialects.sqlite.base.SQLiteExecutionContext object at 0x12ee65df0>
statement = <sqlalchemy.dialects.sqlite.base.SQLiteCompiler object at 0x12ee65940>
parameters = [('36586c5a-458b-43be-8a7d-f5585a25f0be', 'c5240204-9af9-41c3-a42c-dc8a79d567d7', 'Scope completion', 'completion', None, None, ...)]

    def _exec_single_context(
        self,
        dialect: Dialect,
        context: ExecutionContext,
        statement: Union[str, Compiled],
        parameters: Optional[_AnyMultiExecuteParams],
    ) -> CursorResult[Any]:
        """continue the _execute_context() method for a single DBAPI
        cursor.execute() or cursor.executemany() call.
    
        """
        if dialect.bind_typing is BindTyping.SETINPUTSIZES:
            generic_setinputsizes = context._prepare_set_input_sizes()
    
            if generic_setinputsizes:
                try:
                    dialect.do_set_input_sizes(
                        context.cursor, generic_setinputsizes, context
                    )
                except BaseException as e:
                    self._handle_dbapi_exception(
                        e, str(statement), parameters, None, context
                    )
    
        cursor, str_statement, parameters = (
            context.cursor,
            context.statement,
            context.parameters,
        )
    
        effective_parameters: Optional[_AnyExecuteParams]
    
        if not context.executemany:
            effective_parameters = parameters[0]
        else:
            effective_parameters = parameters
    
        if self._has_events or self.engine._has_events:
            for fn in self.dispatch.before_cursor_execute:
                str_statement, effective_parameters = fn(
                    self,
                    cursor,
                    str_statement,
                    effective_parameters,
                    context,
                    context.executemany,
                )
    
        if self._echo:
            self._log_info(str_statement)
    
            stats = context._get_cache_stats()
    
            if not self.engine.hide_parameters:
                self._log_info(
                    "[%s] %r",
                    stats,
                    sql_util._repr_params(
                        effective_parameters,
                        batches=10,
                        ismulti=context.executemany,
                    ),
                )
            else:
                self._log_info(
                    "[%s] [SQL parameters hidden due to hide_parameters=True]",
                    stats,
                )
    
        evt_handled: bool = False
        try:
            if context.execute_style is ExecuteStyle.EXECUTEMANY:
                effective_parameters = cast(
                    "_CoreMultiExecuteParams", effective_parameters
                )
                if self.dialect._has_events:
                    for fn in self.dialect.dispatch.do_executemany:
                        if fn(
                            cursor,
                            str_statement,
                            effective_parameters,
                            context,
                        ):
                            evt_handled = True
                            break
                if not evt_handled:
                    self.dialect.do_executemany(
                        cursor,
                        str_statement,
                        effective_parameters,
                        context,
                    )
            elif not effective_parameters and context.no_parameters:
                if self.dialect._has_events:
                    for fn in self.dialect.dispatch.do_execute_no_params:
                        if fn(cursor, str_statement, context):
                            evt_handled = True
                            break
                if not evt_handled:
                    self.dialect.do_execute_no_params(
                        cursor, str_statement, context
                    )
            else:
                effective_parameters = cast(
                    "_CoreSingleExecuteParams", effective_parameters
                )
                if self.dialect._has_events:
                    for fn in self.dialect.dispatch.do_execute:
                        if fn(
                            cursor,
                            str_statement,
                            effective_parameters,
                            context,
                        ):
                            evt_handled = True
                            break
                if not evt_handled:
>                   self.dialect.do_execute(
                        cursor, str_statement, effective_parameters, context
                    )

/private/tmp/dify-m02-python-complete/lib/python3.12/site-packages/sqlalchemy/engine/base.py:1967: 
_ _ _ _ _ _ _ _ _ _ _ _ _ _ _ _ _ _ _ _ _ _ _ _ _ _ _ _ _ _ _ _ _ _ _ _ _ _ _ _ 

self = <sqlalchemy.dialects.sqlite.pysqlite.SQLiteDialect_pysqlite object at 0x12ee66570>
cursor = <sqlite3.Cursor object at 0x12d9a1dc0>
statement = 'INSERT INTO apps (id, tenant_id, name, description, mode, icon_type, icon, icon_background, app_model_config_id, work...RNING description, api_rpm, api_rph, is_demo, is_public, is_universal, created_at, updated_at, use_icon_as_answer_icon'
parameters = ('36586c5a-458b-43be-8a7d-f5585a25f0be', 'c5240204-9af9-41c3-a42c-dc8a79d567d7', 'Scope completion', 'completion', None, None, ...)
context = <sqlalchemy.dialects.sqlite.base.SQLiteExecutionContext object at 0x12ee65df0>

    def do_execute(self, cursor, statement, parameters, context=None):
>       cursor.execute(statement, parameters)
E       sqlite3.IntegrityError: NOT NULL constraint failed: apps.enable_api

/private/tmp/dify-m02-python-complete/lib/python3.12/site-packages/sqlalchemy/engine/default.py:952: IntegrityError

The above exception was the direct cause of the following exception:

sqlite_session = <sqlalchemy.orm.session.Session object at 0x12ee65190>
config_overrides = <function config_overrides.<locals>.apply at 0x12efd20c0>
monkeypatch = <_pytest.monkeypatch.MonkeyPatch object at 0x12ee64920>

    @pytest.fixture
    def passport_apps(sqlite_session: Session, config_overrides, monkeypatch):
        config_overrides(SECRET_KEY="synthetic-webapp-scope-test-key")
        monkeypatch.setattr(wraps.SystemFeatureService, "is_webapp_auth_enabled", lambda: False)
        fixtures = []
        for mode in (AppMode.COMPLETION, AppMode.CHAT, AppMode.WORKFLOW):
            app = App(tenant_id=str(uuid4()), name=f"Scope {mode.value}", mode=mode.value, enable_site=True)
            sqlite_session.add(app)
>           sqlite_session.flush()

api/tests/unit_tests/controllers/web/test_webapp_passport_scope_extend.py:28: 
_ _ _ _ _ _ _ _ _ _ _ _ _ _ _ _ _ _ _ _ _ _ _ _ _ _ _ _ _ _ _ _ _ _ _ _ _ _ _ _ 
/private/tmp/dify-m02-python-complete/lib/python3.12/site-packages/sqlalchemy/orm/session.py:4331: in flush
    self._flush(objects)
/private/tmp/dify-m02-python-complete/lib/python3.12/site-packages/sqlalchemy/orm/session.py:4466: in _flush
    with util.safe_reraise():
         ^^^^^^^^^^^^^^^^^^^
/private/tmp/dify-m02-python-complete/lib/python3.12/site-packages/sqlalchemy/util/langhelpers.py:121: in __exit__
    raise exc_value.with_traceback(exc_tb)
/private/tmp/dify-m02-python-complete/lib/python3.12/site-packages/sqlalchemy/orm/session.py:4427: in _flush
    flush_context.execute()
/private/tmp/dify-m02-python-complete/lib/python3.12/site-packages/sqlalchemy/orm/unitofwork.py:466: in execute
    rec.execute(self)
/private/tmp/dify-m02-python-complete/lib/python3.12/site-packages/sqlalchemy/orm/unitofwork.py:642: in execute
    util.preloaded.orm_persistence.save_obj(
/private/tmp/dify-m02-python-complete/lib/python3.12/site-packages/sqlalchemy/orm/persistence.py:93: in save_obj
    _emit_insert_statements(
/private/tmp/dify-m02-python-complete/lib/python3.12/site-packages/sqlalchemy/orm/persistence.py:1233: in _emit_insert_statements
    result = connection.execute(
/private/tmp/dify-m02-python-complete/lib/python3.12/site-packages/sqlalchemy/engine/base.py:1419: in execute
    return meth(
/private/tmp/dify-m02-python-complete/lib/python3.12/site-packages/sqlalchemy/sql/elements.py:527: in _execute_on_connection
    return connection._execute_clauseelement(
/private/tmp/dify-m02-python-complete/lib/python3.12/site-packages/sqlalchemy/engine/base.py:1641: in _execute_clauseelement
    ret = self._execute_context(
/private/tmp/dify-m02-python-complete/lib/python3.12/site-packages/sqlalchemy/engine/base.py:1846: in _execute_context
    return self._exec_single_context(
/private/tmp/dify-m02-python-complete/lib/python3.12/site-packages/sqlalchemy/engine/base.py:1986: in _exec_single_context
    self._handle_dbapi_exception(
/private/tmp/dify-m02-python-complete/lib/python3.12/site-packages/sqlalchemy/engine/base.py:2363: in _handle_dbapi_exception
    raise sqlalchemy_exception.with_traceback(exc_info[2]) from e
/private/tmp/dify-m02-python-complete/lib/python3.12/site-packages/sqlalchemy/engine/base.py:1967: in _exec_single_context
    self.dialect.do_execute(
_ _ _ _ _ _ _ _ _ _ _ _ _ _ _ _ _ _ _ _ _ _ _ _ _ _ _ _ _ _ _ _ _ _ _ _ _ _ _ _ 

self = <sqlalchemy.dialects.sqlite.pysqlite.SQLiteDialect_pysqlite object at 0x12ee66570>
cursor = <sqlite3.Cursor object at 0x12d9a1dc0>
statement = 'INSERT INTO apps (id, tenant_id, name, description, mode, icon_type, icon, icon_background, app_model_config_id, work...RNING description, api_rpm, api_rph, is_demo, is_public, is_universal, created_at, updated_at, use_icon_as_answer_icon'
parameters = ('36586c5a-458b-43be-8a7d-f5585a25f0be', 'c5240204-9af9-41c3-a42c-dc8a79d567d7', 'Scope completion', 'completion', None, None, ...)
context = <sqlalchemy.dialects.sqlite.base.SQLiteExecutionContext object at 0x12ee65df0>

    def do_execute(self, cursor, statement, parameters, context=None):
>       cursor.execute(statement, parameters)
E       sqlalchemy.exc.IntegrityError: (sqlite3.IntegrityError) NOT NULL constraint failed: apps.enable_api
E       [SQL: INSERT INTO apps (id, tenant_id, name, description, mode, icon_type, icon, icon_background, app_model_config_id, workflow_id, status, enable_site, enable_api, max_active_requests, tracing, created_by, maintainer, updated_by) VALUES (?, ?, ?, '', ?, ?, ?, ?, ?, ?, ?, ?, ?, ?, ?, ?, ?, ?) RETURNING description, api_rpm, api_rph, is_demo, is_public, is_universal, created_at, updated_at, use_icon_as_answer_icon]
E       [parameters: ('36586c5a-458b-43be-8a7d-f5585a25f0be', 'c5240204-9af9-41c3-a42c-dc8a79d567d7', 'Scope completion', 'completion', None, None, None, None, None, 'normal', 1, None, None, None, None, None, None)]
E       (Background on this error at: https://sqlalche.me/e/20/gkpj)

/private/tmp/dify-m02-python-complete/lib/python3.12/site-packages/sqlalchemy/engine/default.py:952: IntegrityError
_ ERROR at setup of test_cross_app_scope_rejected_before_database_or_enterprise_dispatch[False-header-pair1] _

self = <sqlalchemy.engine.base.Connection object at 0x12eef5010>
dialect = <sqlalchemy.dialects.sqlite.pysqlite.SQLiteDialect_pysqlite object at 0x12eef5a30>
context = <sqlalchemy.dialects.sqlite.base.SQLiteExecutionContext object at 0x12eef5b50>
statement = <sqlalchemy.dialects.sqlite.base.SQLiteCompiler object at 0x12eef5640>
parameters = [('9c0880d7-945c-4f94-afeb-8deccda11c5b', 'bfbc36ff-2425-4cfb-b863-6b52221c56ab', 'Scope completion', 'completion', None, None, ...)]

    def _exec_single_context(
        self,
        dialect: Dialect,
        context: ExecutionContext,
        statement: Union[str, Compiled],
        parameters: Optional[_AnyMultiExecuteParams],
    ) -> CursorResult[Any]:
        """continue the _execute_context() method for a single DBAPI
        cursor.execute() or cursor.executemany() call.
    
        """
        if dialect.bind_typing is BindTyping.SETINPUTSIZES:
            generic_setinputsizes = context._prepare_set_input_sizes()
    
            if generic_setinputsizes:
                try:
                    dialect.do_set_input_sizes(
                        context.cursor, generic_setinputsizes, context
                    )
                except BaseException as e:
                    self._handle_dbapi_exception(
                        e, str(statement), parameters, None, context
                    )
    
        cursor, str_statement, parameters = (
            context.cursor,
            context.statement,
            context.parameters,
        )
    
        effective_parameters: Optional[_AnyExecuteParams]
    
        if not context.executemany:
            effective_parameters = parameters[0]
        else:
            effective_parameters = parameters
    
        if self._has_events or self.engine._has_events:
            for fn in self.dispatch.before_cursor_execute:
                str_statement, effective_parameters = fn(
                    self,
                    cursor,
                    str_statement,
                    effective_parameters,
                    context,
                    context.executemany,
                )
    
        if self._echo:
            self._log_info(str_statement)
    
            stats = context._get_cache_stats()
    
            if not self.engine.hide_parameters:
                self._log_info(
                    "[%s] %r",
                    stats,
                    sql_util._repr_params(
                        effective_parameters,
                        batches=10,
                        ismulti=context.executemany,
                    ),
                )
            else:
                self._log_info(
                    "[%s] [SQL parameters hidden due to hide_parameters=True]",
                    stats,
                )
    
        evt_handled: bool = False
        try:
            if context.execute_style is ExecuteStyle.EXECUTEMANY:
                effective_parameters = cast(
                    "_CoreMultiExecuteParams", effective_parameters
                )
                if self.dialect._has_events:
                    for fn in self.dialect.dispatch.do_executemany:
                        if fn(
                            cursor,
                            str_statement,
                            effective_parameters,
                            context,
                        ):
                            evt_handled = True
                            break
                if not evt_handled:
                    self.dialect.do_executemany(
                        cursor,
                        str_statement,
                        effective_parameters,
                        context,
                    )
            elif not effective_parameters and context.no_parameters:
                if self.dialect._has_events:
                    for fn in self.dialect.dispatch.do_execute_no_params:
                        if fn(cursor, str_statement, context):
                            evt_handled = True
                            break
                if not evt_handled:
                    self.dialect.do_execute_no_params(
                        cursor, str_statement, context
                    )
            else:
                effective_parameters = cast(
                    "_CoreSingleExecuteParams", effective_parameters
                )
                if self.dialect._has_events:
                    for fn in self.dialect.dispatch.do_execute:
                        if fn(
                            cursor,
                            str_statement,
                            effective_parameters,
                            context,
                        ):
                            evt_handled = True
                            break
                if not evt_handled:
>                   self.dialect.do_execute(
                        cursor, str_statement, effective_parameters, context
                    )

/private/tmp/dify-m02-python-complete/lib/python3.12/site-packages/sqlalchemy/engine/base.py:1967: 
_ _ _ _ _ _ _ _ _ _ _ _ _ _ _ _ _ _ _ _ _ _ _ _ _ _ _ _ _ _ _ _ _ _ _ _ _ _ _ _ 

self = <sqlalchemy.dialects.sqlite.pysqlite.SQLiteDialect_pysqlite object at 0x12eef5a30>
cursor = <sqlite3.Cursor object at 0x12d9b7dc0>
statement = 'INSERT INTO apps (id, tenant_id, name, description, mode, icon_type, icon, icon_background, app_model_config_id, work...RNING description, api_rpm, api_rph, is_demo, is_public, is_universal, created_at, updated_at, use_icon_as_answer_icon'
parameters = ('9c0880d7-945c-4f94-afeb-8deccda11c5b', 'bfbc36ff-2425-4cfb-b863-6b52221c56ab', 'Scope completion', 'completion', None, None, ...)
context = <sqlalchemy.dialects.sqlite.base.SQLiteExecutionContext object at 0x12eef5b50>

    def do_execute(self, cursor, statement, parameters, context=None):
>       cursor.execute(statement, parameters)
E       sqlite3.IntegrityError: NOT NULL constraint failed: apps.enable_api

/private/tmp/dify-m02-python-complete/lib/python3.12/site-packages/sqlalchemy/engine/default.py:952: IntegrityError

The above exception was the direct cause of the following exception:

sqlite_session = <sqlalchemy.orm.session.Session object at 0x12eef4ce0>
config_overrides = <function config_overrides.<locals>.apply at 0x12eeddda0>
monkeypatch = <_pytest.monkeypatch.MonkeyPatch object at 0x12eef4590>

    @pytest.fixture
    def passport_apps(sqlite_session: Session, config_overrides, monkeypatch):
        config_overrides(SECRET_KEY="synthetic-webapp-scope-test-key")
        monkeypatch.setattr(wraps.SystemFeatureService, "is_webapp_auth_enabled", lambda: False)
        fixtures = []
        for mode in (AppMode.COMPLETION, AppMode.CHAT, AppMode.WORKFLOW):
            app = App(tenant_id=str(uuid4()), name=f"Scope {mode.value}", mode=mode.value, enable_site=True)
            sqlite_session.add(app)
>           sqlite_session.flush()

api/tests/unit_tests/controllers/web/test_webapp_passport_scope_extend.py:28: 
_ _ _ _ _ _ _ _ _ _ _ _ _ _ _ _ _ _ _ _ _ _ _ _ _ _ _ _ _ _ _ _ _ _ _ _ _ _ _ _ 
/private/tmp/dify-m02-python-complete/lib/python3.12/site-packages/sqlalchemy/orm/session.py:4331: in flush
    self._flush(objects)
/private/tmp/dify-m02-python-complete/lib/python3.12/site-packages/sqlalchemy/orm/session.py:4466: in _flush
    with util.safe_reraise():
         ^^^^^^^^^^^^^^^^^^^
/private/tmp/dify-m02-python-complete/lib/python3.12/site-packages/sqlalchemy/util/langhelpers.py:121: in __exit__
    raise exc_value.with_traceback(exc_tb)
/private/tmp/dify-m02-python-complete/lib/python3.12/site-packages/sqlalchemy/orm/session.py:4427: in _flush
    flush_context.execute()
/private/tmp/dify-m02-python-complete/lib/python3.12/site-packages/sqlalchemy/orm/unitofwork.py:466: in execute
    rec.execute(self)
/private/tmp/dify-m02-python-complete/lib/python3.12/site-packages/sqlalchemy/orm/unitofwork.py:642: in execute
    util.preloaded.orm_persistence.save_obj(
/private/tmp/dify-m02-python-complete/lib/python3.12/site-packages/sqlalchemy/orm/persistence.py:93: in save_obj
    _emit_insert_statements(
/private/tmp/dify-m02-python-complete/lib/python3.12/site-packages/sqlalchemy/orm/persistence.py:1233: in _emit_insert_statements
    result = connection.execute(
/private/tmp/dify-m02-python-complete/lib/python3.12/site-packages/sqlalchemy/engine/base.py:1419: in execute
    return meth(
/private/tmp/dify-m02-python-complete/lib/python3.12/site-packages/sqlalchemy/sql/elements.py:527: in _execute_on_connection
    return connection._execute_clauseelement(
/private/tmp/dify-m02-python-complete/lib/python3.12/site-packages/sqlalchemy/engine/base.py:1641: in _execute_clauseelement
    ret = self._execute_context(
/private/tmp/dify-m02-python-complete/lib/python3.12/site-packages/sqlalchemy/engine/base.py:1846: in _execute_context
    return self._exec_single_context(
/private/tmp/dify-m02-python-complete/lib/python3.12/site-packages/sqlalchemy/engine/base.py:1986: in _exec_single_context
    self._handle_dbapi_exception(
/private/tmp/dify-m02-python-complete/lib/python3.12/site-packages/sqlalchemy/engine/base.py:2363: in _handle_dbapi_exception
    raise sqlalchemy_exception.with_traceback(exc_info[2]) from e
/private/tmp/dify-m02-python-complete/lib/python3.12/site-packages/sqlalchemy/engine/base.py:1967: in _exec_single_context
    self.dialect.do_execute(
_ _ _ _ _ _ _ _ _ _ _ _ _ _ _ _ _ _ _ _ _ _ _ _ _ _ _ _ _ _ _ _ _ _ _ _ _ _ _ _ 

self = <sqlalchemy.dialects.sqlite.pysqlite.SQLiteDialect_pysqlite object at 0x12eef5a30>
cursor = <sqlite3.Cursor object at 0x12d9b7dc0>
statement = 'INSERT INTO apps (id, tenant_id, name, description, mode, icon_type, icon, icon_background, app_model_config_id, work...RNING description, api_rpm, api_rph, is_demo, is_public, is_universal, created_at, updated_at, use_icon_as_answer_icon'
parameters = ('9c0880d7-945c-4f94-afeb-8deccda11c5b', 'bfbc36ff-2425-4cfb-b863-6b52221c56ab', 'Scope completion', 'completion', None, None, ...)
context = <sqlalchemy.dialects.sqlite.base.SQLiteExecutionContext object at 0x12eef5b50>

    def do_execute(self, cursor, statement, parameters, context=None):
>       cursor.execute(statement, parameters)
E       sqlalchemy.exc.IntegrityError: (sqlite3.IntegrityError) NOT NULL constraint failed: apps.enable_api
E       [SQL: INSERT INTO apps (id, tenant_id, name, description, mode, icon_type, icon, icon_background, app_model_config_id, workflow_id, status, enable_site, enable_api, max_active_requests, tracing, created_by, maintainer, updated_by) VALUES (?, ?, ?, '', ?, ?, ?, ?, ?, ?, ?, ?, ?, ?, ?, ?, ?, ?) RETURNING description, api_rpm, api_rph, is_demo, is_public, is_universal, created_at, updated_at, use_icon_as_answer_icon]
E       [parameters: ('9c0880d7-945c-4f94-afeb-8deccda11c5b', 'bfbc36ff-2425-4cfb-b863-6b52221c56ab', 'Scope completion', 'completion', None, None, None, None, None, 'normal', 1, None, None, None, None, None, None)]
E       (Background on this error at: https://sqlalche.me/e/20/gkpj)

/private/tmp/dify-m02-python-complete/lib/python3.12/site-packages/sqlalchemy/engine/default.py:952: IntegrityError
_ ERROR at setup of test_cross_app_scope_rejected_before_database_or_enterprise_dispatch[False-query-pair0] _

self = <sqlalchemy.engine.base.Connection object at 0x12ee70d70>
dialect = <sqlalchemy.dialects.sqlite.pysqlite.SQLiteDialect_pysqlite object at 0x12ee71700>
context = <sqlalchemy.dialects.sqlite.base.SQLiteExecutionContext object at 0x12ee718b0>
statement = <sqlalchemy.dialects.sqlite.base.SQLiteCompiler object at 0x12ee713a0>
parameters = [('0d30dd34-3c3c-4de6-98f6-dc179753f3eb', '72aa025f-e7bd-4a55-bf04-4dbfed443355', 'Scope completion', 'completion', None, None, ...)]

    def _exec_single_context(
        self,
        dialect: Dialect,
        context: ExecutionContext,
        statement: Union[str, Compiled],
        parameters: Optional[_AnyMultiExecuteParams],
    ) -> CursorResult[Any]:
        """continue the _execute_context() method for a single DBAPI
        cursor.execute() or cursor.executemany() call.
    
        """
        if dialect.bind_typing is BindTyping.SETINPUTSIZES:
            generic_setinputsizes = context._prepare_set_input_sizes()
    
            if generic_setinputsizes:
                try:
                    dialect.do_set_input_sizes(
                        context.cursor, generic_setinputsizes, context
                    )
                except BaseException as e:
                    self._handle_dbapi_exception(
                        e, str(statement), parameters, None, context
                    )
    
        cursor, str_statement, parameters = (
            context.cursor,
            context.statement,
            context.parameters,
        )
    
        effective_parameters: Optional[_AnyExecuteParams]
    
        if not context.executemany:
            effective_parameters = parameters[0]
        else:
            effective_parameters = parameters
    
        if self._has_events or self.engine._has_events:
            for fn in self.dispatch.before_cursor_execute:
                str_statement, effective_parameters = fn(
                    self,
                    cursor,
                    str_statement,
                    effective_parameters,
                    context,
                    context.executemany,
                )
    
        if self._echo:
            self._log_info(str_statement)
    
            stats = context._get_cache_stats()
    
            if not self.engine.hide_parameters:
                self._log_info(
                    "[%s] %r",
                    stats,
                    sql_util._repr_params(
                        effective_parameters,
                        batches=10,
                        ismulti=context.executemany,
                    ),
                )
            else:
                self._log_info(
                    "[%s] [SQL parameters hidden due to hide_parameters=True]",
                    stats,
                )
    
        evt_handled: bool = False
        try:
            if context.execute_style is ExecuteStyle.EXECUTEMANY:
                effective_parameters = cast(
                    "_CoreMultiExecuteParams", effective_parameters
                )
                if self.dialect._has_events:
                    for fn in self.dialect.dispatch.do_executemany:
                        if fn(
                            cursor,
                            str_statement,
                            effective_parameters,
                            context,
                        ):
                            evt_handled = True
                            break
                if not evt_handled:
                    self.dialect.do_executemany(
                        cursor,
                        str_statement,
                        effective_parameters,
                        context,
                    )
            elif not effective_parameters and context.no_parameters:
                if self.dialect._has_events:
                    for fn in self.dialect.dispatch.do_execute_no_params:
                        if fn(cursor, str_statement, context):
                            evt_handled = True
                            break
                if not evt_handled:
                    self.dialect.do_execute_no_params(
                        cursor, str_statement, context
                    )
            else:
                effective_parameters = cast(
                    "_CoreSingleExecuteParams", effective_parameters
                )
                if self.dialect._has_events:
                    for fn in self.dialect.dispatch.do_execute:
                        if fn(
                            cursor,
                            str_statement,
                            effective_parameters,
                            context,
                        ):
                            evt_handled = True
                            break
                if not evt_handled:
>                   self.dialect.do_execute(
                        cursor, str_statement, effective_parameters, context
                    )

/private/tmp/dify-m02-python-complete/lib/python3.12/site-packages/sqlalchemy/engine/base.py:1967: 
_ _ _ _ _ _ _ _ _ _ _ _ _ _ _ _ _ _ _ _ _ _ _ _ _ _ _ _ _ _ _ _ _ _ _ _ _ _ _ _ 

self = <sqlalchemy.dialects.sqlite.pysqlite.SQLiteDialect_pysqlite object at 0x12ee71700>
cursor = <sqlite3.Cursor object at 0x12fa38040>
statement = 'INSERT INTO apps (id, tenant_id, name, description, mode, icon_type, icon, icon_background, app_model_config_id, work...RNING description, api_rpm, api_rph, is_demo, is_public, is_universal, created_at, updated_at, use_icon_as_answer_icon'
parameters = ('0d30dd34-3c3c-4de6-98f6-dc179753f3eb', '72aa025f-e7bd-4a55-bf04-4dbfed443355', 'Scope completion', 'completion', None, None, ...)
context = <sqlalchemy.dialects.sqlite.base.SQLiteExecutionContext object at 0x12ee718b0>

    def do_execute(self, cursor, statement, parameters, context=None):
>       cursor.execute(statement, parameters)
E       sqlite3.IntegrityError: NOT NULL constraint failed: apps.enable_api

/private/tmp/dify-m02-python-complete/lib/python3.12/site-packages/sqlalchemy/engine/default.py:952: IntegrityError

The above exception was the direct cause of the following exception:

sqlite_session = <sqlalchemy.orm.session.Session object at 0x12ee70a10>
config_overrides = <function config_overrides.<locals>.apply at 0x12eedf600>
monkeypatch = <_pytest.monkeypatch.MonkeyPatch object at 0x12ee70350>

    @pytest.fixture
    def passport_apps(sqlite_session: Session, config_overrides, monkeypatch):
        config_overrides(SECRET_KEY="synthetic-webapp-scope-test-key")
        monkeypatch.setattr(wraps.SystemFeatureService, "is_webapp_auth_enabled", lambda: False)
        fixtures = []
        for mode in (AppMode.COMPLETION, AppMode.CHAT, AppMode.WORKFLOW):
            app = App(tenant_id=str(uuid4()), name=f"Scope {mode.value}", mode=mode.value, enable_site=True)
            sqlite_session.add(app)
>           sqlite_session.flush()

api/tests/unit_tests/controllers/web/test_webapp_passport_scope_extend.py:28: 
_ _ _ _ _ _ _ _ _ _ _ _ _ _ _ _ _ _ _ _ _ _ _ _ _ _ _ _ _ _ _ _ _ _ _ _ _ _ _ _ 
/private/tmp/dify-m02-python-complete/lib/python3.12/site-packages/sqlalchemy/orm/session.py:4331: in flush
    self._flush(objects)
/private/tmp/dify-m02-python-complete/lib/python3.12/site-packages/sqlalchemy/orm/session.py:4466: in _flush
    with util.safe_reraise():
         ^^^^^^^^^^^^^^^^^^^
/private/tmp/dify-m02-python-complete/lib/python3.12/site-packages/sqlalchemy/util/langhelpers.py:121: in __exit__
    raise exc_value.with_traceback(exc_tb)
/private/tmp/dify-m02-python-complete/lib/python3.12/site-packages/sqlalchemy/orm/session.py:4427: in _flush
    flush_context.execute()
/private/tmp/dify-m02-python-complete/lib/python3.12/site-packages/sqlalchemy/orm/unitofwork.py:466: in execute
    rec.execute(self)
/private/tmp/dify-m02-python-complete/lib/python3.12/site-packages/sqlalchemy/orm/unitofwork.py:642: in execute
    util.preloaded.orm_persistence.save_obj(
/private/tmp/dify-m02-python-complete/lib/python3.12/site-packages/sqlalchemy/orm/persistence.py:93: in save_obj
    _emit_insert_statements(
/private/tmp/dify-m02-python-complete/lib/python3.12/site-packages/sqlalchemy/orm/persistence.py:1233: in _emit_insert_statements
    result = connection.execute(
/private/tmp/dify-m02-python-complete/lib/python3.12/site-packages/sqlalchemy/engine/base.py:1419: in execute
    return meth(
/private/tmp/dify-m02-python-complete/lib/python3.12/site-packages/sqlalchemy/sql/elements.py:527: in _execute_on_connection
    return connection._execute_clauseelement(
/private/tmp/dify-m02-python-complete/lib/python3.12/site-packages/sqlalchemy/engine/base.py:1641: in _execute_clauseelement
    ret = self._execute_context(
/private/tmp/dify-m02-python-complete/lib/python3.12/site-packages/sqlalchemy/engine/base.py:1846: in _execute_context
    return self._exec_single_context(
/private/tmp/dify-m02-python-complete/lib/python3.12/site-packages/sqlalchemy/engine/base.py:1986: in _exec_single_context
    self._handle_dbapi_exception(
/private/tmp/dify-m02-python-complete/lib/python3.12/site-packages/sqlalchemy/engine/base.py:2363: in _handle_dbapi_exception
    raise sqlalchemy_exception.with_traceback(exc_info[2]) from e
/private/tmp/dify-m02-python-complete/lib/python3.12/site-packages/sqlalchemy/engine/base.py:1967: in _exec_single_context
    self.dialect.do_execute(
_ _ _ _ _ _ _ _ _ _ _ _ _ _ _ _ _ _ _ _ _ _ _ _ _ _ _ _ _ _ _ _ _ _ _ _ _ _ _ _ 

self = <sqlalchemy.dialects.sqlite.pysqlite.SQLiteDialect_pysqlite object at 0x12ee71700>
cursor = <sqlite3.Cursor object at 0x12fa38040>
statement = 'INSERT INTO apps (id, tenant_id, name, description, mode, icon_type, icon, icon_background, app_model_config_id, work...RNING description, api_rpm, api_rph, is_demo, is_public, is_universal, created_at, updated_at, use_icon_as_answer_icon'
parameters = ('0d30dd34-3c3c-4de6-98f6-dc179753f3eb', '72aa025f-e7bd-4a55-bf04-4dbfed443355', 'Scope completion', 'completion', None, None, ...)
context = <sqlalchemy.dialects.sqlite.base.SQLiteExecutionContext object at 0x12ee718b0>

    def do_execute(self, cursor, statement, parameters, context=None):
>       cursor.execute(statement, parameters)
E       sqlalchemy.exc.IntegrityError: (sqlite3.IntegrityError) NOT NULL constraint failed: apps.enable_api
E       [SQL: INSERT INTO apps (id, tenant_id, name, description, mode, icon_type, icon, icon_background, app_model_config_id, workflow_id, status, enable_site, enable_api, max_active_requests, tracing, created_by, maintainer, updated_by) VALUES (?, ?, ?, '', ?, ?, ?, ?, ?, ?, ?, ?, ?, ?, ?, ?, ?, ?) RETURNING description, api_rpm, api_rph, is_demo, is_public, is_universal, created_at, updated_at, use_icon_as_answer_icon]
E       [parameters: ('0d30dd34-3c3c-4de6-98f6-dc179753f3eb', '72aa025f-e7bd-4a55-bf04-4dbfed443355', 'Scope completion', 'completion', None, None, None, None, None, 'normal', 1, None, None, None, None, None, None)]
E       (Background on this error at: https://sqlalche.me/e/20/gkpj)

/private/tmp/dify-m02-python-complete/lib/python3.12/site-packages/sqlalchemy/engine/default.py:952: IntegrityError
_ ERROR at setup of test_cross_app_scope_rejected_before_database_or_enterprise_dispatch[False-query-pair1] _

self = <sqlalchemy.engine.base.Connection object at 0x12eef8ce0>
dialect = <sqlalchemy.dialects.sqlite.pysqlite.SQLiteDialect_pysqlite object at 0x12eef9160>
context = <sqlalchemy.dialects.sqlite.base.SQLiteExecutionContext object at 0x12ee72f00>
statement = <sqlalchemy.dialects.sqlite.base.SQLiteCompiler object at 0x12eef92e0>
parameters = [('5094ad83-390f-4d3b-9b71-63fd7125c0b9', '61b3c911-c6c7-416a-89a2-727e52514406', 'Scope completion', 'completion', None, None, ...)]

    def _exec_single_context(
        self,
        dialect: Dialect,
        context: ExecutionContext,
        statement: Union[str, Compiled],
        parameters: Optional[_AnyMultiExecuteParams],
    ) -> CursorResult[Any]:
        """continue the _execute_context() method for a single DBAPI
        cursor.execute() or cursor.executemany() call.
    
        """
        if dialect.bind_typing is BindTyping.SETINPUTSIZES:
            generic_setinputsizes = context._prepare_set_input_sizes()
    
            if generic_setinputsizes:
                try:
                    dialect.do_set_input_sizes(
                        context.cursor, generic_setinputsizes, context
                    )
                except BaseException as e:
                    self._handle_dbapi_exception(
                        e, str(statement), parameters, None, context
                    )
    
        cursor, str_statement, parameters = (
            context.cursor,
            context.statement,
            context.parameters,
        )
    
        effective_parameters: Optional[_AnyExecuteParams]
    
        if not context.executemany:
            effective_parameters = parameters[0]
        else:
            effective_parameters = parameters
    
        if self._has_events or self.engine._has_events:
            for fn in self.dispatch.before_cursor_execute:
                str_statement, effective_parameters = fn(
                    self,
                    cursor,
                    str_statement,
                    effective_parameters,
                    context,
                    context.executemany,
                )
    
        if self._echo:
            self._log_info(str_statement)
    
            stats = context._get_cache_stats()
    
            if not self.engine.hide_parameters:
                self._log_info(
                    "[%s] %r",
                    stats,
                    sql_util._repr_params(
                        effective_parameters,
                        batches=10,
                        ismulti=context.executemany,
                    ),
                )
            else:
                self._log_info(
                    "[%s] [SQL parameters hidden due to hide_parameters=True]",
                    stats,
                )
    
        evt_handled: bool = False
        try:
            if context.execute_style is ExecuteStyle.EXECUTEMANY:
                effective_parameters = cast(
                    "_CoreMultiExecuteParams", effective_parameters
                )
                if self.dialect._has_events:
                    for fn in self.dialect.dispatch.do_executemany:
                        if fn(
                            cursor,
                            str_statement,
                            effective_parameters,
                            context,
                        ):
                            evt_handled = True
                            break
                if not evt_handled:
                    self.dialect.do_executemany(
                        cursor,
                        str_statement,
                        effective_parameters,
                        context,
                    )
            elif not effective_parameters and context.no_parameters:
                if self.dialect._has_events:
                    for fn in self.dialect.dispatch.do_execute_no_params:
                        if fn(cursor, str_statement, context):
                            evt_handled = True
                            break
                if not evt_handled:
                    self.dialect.do_execute_no_params(
                        cursor, str_statement, context
                    )
            else:
                effective_parameters = cast(
                    "_CoreSingleExecuteParams", effective_parameters
                )
                if self.dialect._has_events:
                    for fn in self.dialect.dispatch.do_execute:
                        if fn(
                            cursor,
                            str_statement,
                            effective_parameters,
                            context,
                        ):
                            evt_handled = True
                            break
                if not evt_handled:
>                   self.dialect.do_execute(
                        cursor, str_statement, effective_parameters, context
                    )

/private/tmp/dify-m02-python-complete/lib/python3.12/site-packages/sqlalchemy/engine/base.py:1967: 
_ _ _ _ _ _ _ _ _ _ _ _ _ _ _ _ _ _ _ _ _ _ _ _ _ _ _ _ _ _ _ _ _ _ _ _ _ _ _ _ 

self = <sqlalchemy.dialects.sqlite.pysqlite.SQLiteDialect_pysqlite object at 0x12eef9160>
cursor = <sqlite3.Cursor object at 0x12eea6fc0>
statement = 'INSERT INTO apps (id, tenant_id, name, description, mode, icon_type, icon, icon_background, app_model_config_id, work...RNING description, api_rpm, api_rph, is_demo, is_public, is_universal, created_at, updated_at, use_icon_as_answer_icon'
parameters = ('5094ad83-390f-4d3b-9b71-63fd7125c0b9', '61b3c911-c6c7-416a-89a2-727e52514406', 'Scope completion', 'completion', None, None, ...)
context = <sqlalchemy.dialects.sqlite.base.SQLiteExecutionContext object at 0x12ee72f00>

    def do_execute(self, cursor, statement, parameters, context=None):
>       cursor.execute(statement, parameters)
E       sqlite3.IntegrityError: NOT NULL constraint failed: apps.enable_api

/private/tmp/dify-m02-python-complete/lib/python3.12/site-packages/sqlalchemy/engine/default.py:952: IntegrityError

The above exception was the direct cause of the following exception:

sqlite_session = <sqlalchemy.orm.session.Session object at 0x12eef89b0>
config_overrides = <function config_overrides.<locals>.apply at 0x12f9ea8e0>
monkeypatch = <_pytest.monkeypatch.MonkeyPatch object at 0x12eef8590>

    @pytest.fixture
    def passport_apps(sqlite_session: Session, config_overrides, monkeypatch):
        config_overrides(SECRET_KEY="synthetic-webapp-scope-test-key")
        monkeypatch.setattr(wraps.SystemFeatureService, "is_webapp_auth_enabled", lambda: False)
        fixtures = []
        for mode in (AppMode.COMPLETION, AppMode.CHAT, AppMode.WORKFLOW):
            app = App(tenant_id=str(uuid4()), name=f"Scope {mode.value}", mode=mode.value, enable_site=True)
            sqlite_session.add(app)
>           sqlite_session.flush()

api/tests/unit_tests/controllers/web/test_webapp_passport_scope_extend.py:28: 
_ _ _ _ _ _ _ _ _ _ _ _ _ _ _ _ _ _ _ _ _ _ _ _ _ _ _ _ _ _ _ _ _ _ _ _ _ _ _ _ 
/private/tmp/dify-m02-python-complete/lib/python3.12/site-packages/sqlalchemy/orm/session.py:4331: in flush
    self._flush(objects)
/private/tmp/dify-m02-python-complete/lib/python3.12/site-packages/sqlalchemy/orm/session.py:4466: in _flush
    with util.safe_reraise():
         ^^^^^^^^^^^^^^^^^^^
/private/tmp/dify-m02-python-complete/lib/python3.12/site-packages/sqlalchemy/util/langhelpers.py:121: in __exit__
    raise exc_value.with_traceback(exc_tb)
/private/tmp/dify-m02-python-complete/lib/python3.12/site-packages/sqlalchemy/orm/session.py:4427: in _flush
    flush_context.execute()
/private/tmp/dify-m02-python-complete/lib/python3.12/site-packages/sqlalchemy/orm/unitofwork.py:466: in execute
    rec.execute(self)
/private/tmp/dify-m02-python-complete/lib/python3.12/site-packages/sqlalchemy/orm/unitofwork.py:642: in execute
    util.preloaded.orm_persistence.save_obj(
/private/tmp/dify-m02-python-complete/lib/python3.12/site-packages/sqlalchemy/orm/persistence.py:93: in save_obj
    _emit_insert_statements(
/private/tmp/dify-m02-python-complete/lib/python3.12/site-packages/sqlalchemy/orm/persistence.py:1233: in _emit_insert_statements
    result = connection.execute(
/private/tmp/dify-m02-python-complete/lib/python3.12/site-packages/sqlalchemy/engine/base.py:1419: in execute
    return meth(
/private/tmp/dify-m02-python-complete/lib/python3.12/site-packages/sqlalchemy/sql/elements.py:527: in _execute_on_connection
    return connection._execute_clauseelement(
/private/tmp/dify-m02-python-complete/lib/python3.12/site-packages/sqlalchemy/engine/base.py:1641: in _execute_clauseelement
    ret = self._execute_context(
/private/tmp/dify-m02-python-complete/lib/python3.12/site-packages/sqlalchemy/engine/base.py:1846: in _execute_context
    return self._exec_single_context(
/private/tmp/dify-m02-python-complete/lib/python3.12/site-packages/sqlalchemy/engine/base.py:1986: in _exec_single_context
    self._handle_dbapi_exception(
/private/tmp/dify-m02-python-complete/lib/python3.12/site-packages/sqlalchemy/engine/base.py:2363: in _handle_dbapi_exception
    raise sqlalchemy_exception.with_traceback(exc_info[2]) from e
/private/tmp/dify-m02-python-complete/lib/python3.12/site-packages/sqlalchemy/engine/base.py:1967: in _exec_single_context
    self.dialect.do_execute(
_ _ _ _ _ _ _ _ _ _ _ _ _ _ _ _ _ _ _ _ _ _ _ _ _ _ _ _ _ _ _ _ _ _ _ _ _ _ _ _ 

self = <sqlalchemy.dialects.sqlite.pysqlite.SQLiteDialect_pysqlite object at 0x12eef9160>
cursor = <sqlite3.Cursor object at 0x12eea6fc0>
statement = 'INSERT INTO apps (id, tenant_id, name, description, mode, icon_type, icon, icon_background, app_model_config_id, work...RNING description, api_rpm, api_rph, is_demo, is_public, is_universal, created_at, updated_at, use_icon_as_answer_icon'
parameters = ('5094ad83-390f-4d3b-9b71-63fd7125c0b9', '61b3c911-c6c7-416a-89a2-727e52514406', 'Scope completion', 'completion', None, None, ...)
context = <sqlalchemy.dialects.sqlite.base.SQLiteExecutionContext object at 0x12ee72f00>

    def do_execute(self, cursor, statement, parameters, context=None):
>       cursor.execute(statement, parameters)
E       sqlalchemy.exc.IntegrityError: (sqlite3.IntegrityError) NOT NULL constraint failed: apps.enable_api
E       [SQL: INSERT INTO apps (id, tenant_id, name, description, mode, icon_type, icon, icon_background, app_model_config_id, workflow_id, status, enable_site, enable_api, max_active_requests, tracing, created_by, maintainer, updated_by) VALUES (?, ?, ?, '', ?, ?, ?, ?, ?, ?, ?, ?, ?, ?, ?, ?, ?, ?) RETURNING description, api_rpm, api_rph, is_demo, is_public, is_universal, created_at, updated_at, use_icon_as_answer_icon]
E       [parameters: ('5094ad83-390f-4d3b-9b71-63fd7125c0b9', '61b3c911-c6c7-416a-89a2-727e52514406', 'Scope completion', 'completion', None, None, None, None, None, 'normal', 1, None, None, None, None, None, None)]
E       (Background on this error at: https://sqlalche.me/e/20/gkpj)

/private/tmp/dify-m02-python-complete/lib/python3.12/site-packages/sqlalchemy/engine/default.py:952: IntegrityError
_ ERROR at setup of test_cross_app_scope_rejected_before_database_or_enterprise_dispatch[False-conflicting_header_and_query-pair0] _

self = <sqlalchemy.engine.base.Connection object at 0x12eefb920>
dialect = <sqlalchemy.dialects.sqlite.pysqlite.SQLiteDialect_pysqlite object at 0x12eefad20>
context = <sqlalchemy.dialects.sqlite.base.SQLiteExecutionContext object at 0x12eefbec0>
statement = <sqlalchemy.dialects.sqlite.base.SQLiteCompiler object at 0x12eefbdd0>
parameters = [('83183a58-15ef-4008-adee-108316565736', 'a349a169-77f9-4381-a97e-78c3669725c0', 'Scope completion', 'completion', None, None, ...)]

    def _exec_single_context(
        self,
        dialect: Dialect,
        context: ExecutionContext,
        statement: Union[str, Compiled],
        parameters: Optional[_AnyMultiExecuteParams],
    ) -> CursorResult[Any]:
        """continue the _execute_context() method for a single DBAPI
        cursor.execute() or cursor.executemany() call.
    
        """
        if dialect.bind_typing is BindTyping.SETINPUTSIZES:
            generic_setinputsizes = context._prepare_set_input_sizes()
    
            if generic_setinputsizes:
                try:
                    dialect.do_set_input_sizes(
                        context.cursor, generic_setinputsizes, context
                    )
                except BaseException as e:
                    self._handle_dbapi_exception(
                        e, str(statement), parameters, None, context
                    )
    
        cursor, str_statement, parameters = (
            context.cursor,
            context.statement,
            context.parameters,
        )
    
        effective_parameters: Optional[_AnyExecuteParams]
    
        if not context.executemany:
            effective_parameters = parameters[0]
        else:
            effective_parameters = parameters
    
        if self._has_events or self.engine._has_events:
            for fn in self.dispatch.before_cursor_execute:
                str_statement, effective_parameters = fn(
                    self,
                    cursor,
                    str_statement,
                    effective_parameters,
                    context,
                    context.executemany,
                )
    
        if self._echo:
            self._log_info(str_statement)
    
            stats = context._get_cache_stats()
    
            if not self.engine.hide_parameters:
                self._log_info(
                    "[%s] %r",
                    stats,
                    sql_util._repr_params(
                        effective_parameters,
                        batches=10,
                        ismulti=context.executemany,
                    ),
                )
            else:
                self._log_info(
                    "[%s] [SQL parameters hidden due to hide_parameters=True]",
                    stats,
                )
    
        evt_handled: bool = False
        try:
            if context.execute_style is ExecuteStyle.EXECUTEMANY:
                effective_parameters = cast(
                    "_CoreMultiExecuteParams", effective_parameters
                )
                if self.dialect._has_events:
                    for fn in self.dialect.dispatch.do_executemany:
                        if fn(
                            cursor,
                            str_statement,
                            effective_parameters,
                            context,
                        ):
                            evt_handled = True
                            break
                if not evt_handled:
                    self.dialect.do_executemany(
                        cursor,
                        str_statement,
                        effective_parameters,
                        context,
                    )
            elif not effective_parameters and context.no_parameters:
                if self.dialect._has_events:
                    for fn in self.dialect.dispatch.do_execute_no_params:
                        if fn(cursor, str_statement, context):
                            evt_handled = True
                            break
                if not evt_handled:
                    self.dialect.do_execute_no_params(
                        cursor, str_statement, context
                    )
            else:
                effective_parameters = cast(
                    "_CoreSingleExecuteParams", effective_parameters
                )
                if self.dialect._has_events:
                    for fn in self.dialect.dispatch.do_execute:
                        if fn(
                            cursor,
                            str_statement,
                            effective_parameters,
                            context,
                        ):
                            evt_handled = True
                            break
                if not evt_handled:
>                   self.dialect.do_execute(
                        cursor, str_statement, effective_parameters, context
                    )

/private/tmp/dify-m02-python-complete/lib/python3.12/site-packages/sqlalchemy/engine/base.py:1967: 
_ _ _ _ _ _ _ _ _ _ _ _ _ _ _ _ _ _ _ _ _ _ _ _ _ _ _ _ _ _ _ _ _ _ _ _ _ _ _ _ 

self = <sqlalchemy.dialects.sqlite.pysqlite.SQLiteDialect_pysqlite object at 0x12eefad20>
cursor = <sqlite3.Cursor object at 0x12d04ecc0>
statement = 'INSERT INTO apps (id, tenant_id, name, description, mode, icon_type, icon, icon_background, app_model_config_id, work...RNING description, api_rpm, api_rph, is_demo, is_public, is_universal, created_at, updated_at, use_icon_as_answer_icon'
parameters = ('83183a58-15ef-4008-adee-108316565736', 'a349a169-77f9-4381-a97e-78c3669725c0', 'Scope completion', 'completion', None, None, ...)
context = <sqlalchemy.dialects.sqlite.base.SQLiteExecutionContext object at 0x12eefbec0>

    def do_execute(self, cursor, statement, parameters, context=None):
>       cursor.execute(statement, parameters)
E       sqlite3.IntegrityError: NOT NULL constraint failed: apps.enable_api

/private/tmp/dify-m02-python-complete/lib/python3.12/site-packages/sqlalchemy/engine/default.py:952: IntegrityError

The above exception was the direct cause of the following exception:

sqlite_session = <sqlalchemy.orm.session.Session object at 0x12eefb5f0>
config_overrides = <function config_overrides.<locals>.apply at 0x12eedff60>
monkeypatch = <_pytest.monkeypatch.MonkeyPatch object at 0x12eefb170>

    @pytest.fixture
    def passport_apps(sqlite_session: Session, config_overrides, monkeypatch):
        config_overrides(SECRET_KEY="synthetic-webapp-scope-test-key")
        monkeypatch.setattr(wraps.SystemFeatureService, "is_webapp_auth_enabled", lambda: False)
        fixtures = []
        for mode in (AppMode.COMPLETION, AppMode.CHAT, AppMode.WORKFLOW):
            app = App(tenant_id=str(uuid4()), name=f"Scope {mode.value}", mode=mode.value, enable_site=True)
            sqlite_session.add(app)
>           sqlite_session.flush()

api/tests/unit_tests/controllers/web/test_webapp_passport_scope_extend.py:28: 
_ _ _ _ _ _ _ _ _ _ _ _ _ _ _ _ _ _ _ _ _ _ _ _ _ _ _ _ _ _ _ _ _ _ _ _ _ _ _ _ 
/private/tmp/dify-m02-python-complete/lib/python3.12/site-packages/sqlalchemy/orm/session.py:4331: in flush
    self._flush(objects)
/private/tmp/dify-m02-python-complete/lib/python3.12/site-packages/sqlalchemy/orm/session.py:4466: in _flush
    with util.safe_reraise():
         ^^^^^^^^^^^^^^^^^^^
/private/tmp/dify-m02-python-complete/lib/python3.12/site-packages/sqlalchemy/util/langhelpers.py:121: in __exit__
    raise exc_value.with_traceback(exc_tb)
/private/tmp/dify-m02-python-complete/lib/python3.12/site-packages/sqlalchemy/orm/session.py:4427: in _flush
    flush_context.execute()
/private/tmp/dify-m02-python-complete/lib/python3.12/site-packages/sqlalchemy/orm/unitofwork.py:466: in execute
    rec.execute(self)
/private/tmp/dify-m02-python-complete/lib/python3.12/site-packages/sqlalchemy/orm/unitofwork.py:642: in execute
    util.preloaded.orm_persistence.save_obj(
/private/tmp/dify-m02-python-complete/lib/python3.12/site-packages/sqlalchemy/orm/persistence.py:93: in save_obj
    _emit_insert_statements(
/private/tmp/dify-m02-python-complete/lib/python3.12/site-packages/sqlalchemy/orm/persistence.py:1233: in _emit_insert_statements
    result = connection.execute(
/private/tmp/dify-m02-python-complete/lib/python3.12/site-packages/sqlalchemy/engine/base.py:1419: in execute
    return meth(
/private/tmp/dify-m02-python-complete/lib/python3.12/site-packages/sqlalchemy/sql/elements.py:527: in _execute_on_connection
    return connection._execute_clauseelement(
/private/tmp/dify-m02-python-complete/lib/python3.12/site-packages/sqlalchemy/engine/base.py:1641: in _execute_clauseelement
    ret = self._execute_context(
/private/tmp/dify-m02-python-complete/lib/python3.12/site-packages/sqlalchemy/engine/base.py:1846: in _execute_context
    return self._exec_single_context(
/private/tmp/dify-m02-python-complete/lib/python3.12/site-packages/sqlalchemy/engine/base.py:1986: in _exec_single_context
    self._handle_dbapi_exception(
/private/tmp/dify-m02-python-complete/lib/python3.12/site-packages/sqlalchemy/engine/base.py:2363: in _handle_dbapi_exception
    raise sqlalchemy_exception.with_traceback(exc_info[2]) from e
/private/tmp/dify-m02-python-complete/lib/python3.12/site-packages/sqlalchemy/engine/base.py:1967: in _exec_single_context
    self.dialect.do_execute(
_ _ _ _ _ _ _ _ _ _ _ _ _ _ _ _ _ _ _ _ _ _ _ _ _ _ _ _ _ _ _ _ _ _ _ _ _ _ _ _ 

self = <sqlalchemy.dialects.sqlite.pysqlite.SQLiteDialect_pysqlite object at 0x12eefad20>
cursor = <sqlite3.Cursor object at 0x12d04ecc0>
statement = 'INSERT INTO apps (id, tenant_id, name, description, mode, icon_type, icon, icon_background, app_model_config_id, work...RNING description, api_rpm, api_rph, is_demo, is_public, is_universal, created_at, updated_at, use_icon_as_answer_icon'
parameters = ('83183a58-15ef-4008-adee-108316565736', 'a349a169-77f9-4381-a97e-78c3669725c0', 'Scope completion', 'completion', None, None, ...)
context = <sqlalchemy.dialects.sqlite.base.SQLiteExecutionContext object at 0x12eefbec0>

    def do_execute(self, cursor, statement, parameters, context=None):
>       cursor.execute(statement, parameters)
E       sqlalchemy.exc.IntegrityError: (sqlite3.IntegrityError) NOT NULL constraint failed: apps.enable_api
E       [SQL: INSERT INTO apps (id, tenant_id, name, description, mode, icon_type, icon, icon_background, app_model_config_id, workflow_id, status, enable_site, enable_api, max_active_requests, tracing, created_by, maintainer, updated_by) VALUES (?, ?, ?, '', ?, ?, ?, ?, ?, ?, ?, ?, ?, ?, ?, ?, ?, ?) RETURNING description, api_rpm, api_rph, is_demo, is_public, is_universal, created_at, updated_at, use_icon_as_answer_icon]
E       [parameters: ('83183a58-15ef-4008-adee-108316565736', 'a349a169-77f9-4381-a97e-78c3669725c0', 'Scope completion', 'completion', None, None, None, None, None, 'normal', 1, None, None, None, None, None, None)]
E       (Background on this error at: https://sqlalche.me/e/20/gkpj)

/private/tmp/dify-m02-python-complete/lib/python3.12/site-packages/sqlalchemy/engine/default.py:952: IntegrityError
_ ERROR at setup of test_cross_app_scope_rejected_before_database_or_enterprise_dispatch[False-conflicting_header_and_query-pair1] _

self = <sqlalchemy.engine.base.Connection object at 0x12eef5730>
dialect = <sqlalchemy.dialects.sqlite.pysqlite.SQLiteDialect_pysqlite object at 0x12ee736e0>
context = <sqlalchemy.dialects.sqlite.base.SQLiteExecutionContext object at 0x12eef7a40>
statement = <sqlalchemy.dialects.sqlite.base.SQLiteCompiler object at 0x12eef73b0>
parameters = [('2f28f0af-ae44-4df6-b734-dbb950e55ec3', '4716c498-f8d6-4624-bddf-5bb4f41f1c66', 'Scope completion', 'completion', None, None, ...)]

    def _exec_single_context(
        self,
        dialect: Dialect,
        context: ExecutionContext,
        statement: Union[str, Compiled],
        parameters: Optional[_AnyMultiExecuteParams],
    ) -> CursorResult[Any]:
        """continue the _execute_context() method for a single DBAPI
        cursor.execute() or cursor.executemany() call.
    
        """
        if dialect.bind_typing is BindTyping.SETINPUTSIZES:
            generic_setinputsizes = context._prepare_set_input_sizes()
    
            if generic_setinputsizes:
                try:
                    dialect.do_set_input_sizes(
                        context.cursor, generic_setinputsizes, context
                    )
                except BaseException as e:
                    self._handle_dbapi_exception(
                        e, str(statement), parameters, None, context
                    )
    
        cursor, str_statement, parameters = (
            context.cursor,
            context.statement,
            context.parameters,
        )
    
        effective_parameters: Optional[_AnyExecuteParams]
    
        if not context.executemany:
            effective_parameters = parameters[0]
        else:
            effective_parameters = parameters
    
        if self._has_events or self.engine._has_events:
            for fn in self.dispatch.before_cursor_execute:
                str_statement, effective_parameters = fn(
                    self,
                    cursor,
                    str_statement,
                    effective_parameters,
                    context,
                    context.executemany,
                )
    
        if self._echo:
            self._log_info(str_statement)
    
            stats = context._get_cache_stats()
    
            if not self.engine.hide_parameters:
                self._log_info(
                    "[%s] %r",
                    stats,
                    sql_util._repr_params(
                        effective_parameters,
                        batches=10,
                        ismulti=context.executemany,
                    ),
                )
            else:
                self._log_info(
                    "[%s] [SQL parameters hidden due to hide_parameters=True]",
                    stats,
                )
    
        evt_handled: bool = False
        try:
            if context.execute_style is ExecuteStyle.EXECUTEMANY:
                effective_parameters = cast(
                    "_CoreMultiExecuteParams", effective_parameters
                )
                if self.dialect._has_events:
                    for fn in self.dialect.dispatch.do_executemany:
                        if fn(
                            cursor,
                            str_statement,
                            effective_parameters,
                            context,
                        ):
                            evt_handled = True
                            break
                if not evt_handled:
                    self.dialect.do_executemany(
                        cursor,
                        str_statement,
                        effective_parameters,
                        context,
                    )
            elif not effective_parameters and context.no_parameters:
                if self.dialect._has_events:
                    for fn in self.dialect.dispatch.do_execute_no_params:
                        if fn(cursor, str_statement, context):
                            evt_handled = True
                            break
                if not evt_handled:
                    self.dialect.do_execute_no_params(
                        cursor, str_statement, context
                    )
            else:
                effective_parameters = cast(
                    "_CoreSingleExecuteParams", effective_parameters
                )
                if self.dialect._has_events:
                    for fn in self.dialect.dispatch.do_execute:
                        if fn(
                            cursor,
                            str_statement,
                            effective_parameters,
                            context,
                        ):
                            evt_handled = True
                            break
                if not evt_handled:
>                   self.dialect.do_execute(
                        cursor, str_statement, effective_parameters, context
                    )

/private/tmp/dify-m02-python-complete/lib/python3.12/site-packages/sqlalchemy/engine/base.py:1967: 
_ _ _ _ _ _ _ _ _ _ _ _ _ _ _ _ _ _ _ _ _ _ _ _ _ _ _ _ _ _ _ _ _ _ _ _ _ _ _ _ 

self = <sqlalchemy.dialects.sqlite.pysqlite.SQLiteDialect_pysqlite object at 0x12ee736e0>
cursor = <sqlite3.Cursor object at 0x12ec4ee40>
statement = 'INSERT INTO apps (id, tenant_id, name, description, mode, icon_type, icon, icon_background, app_model_config_id, work...RNING description, api_rpm, api_rph, is_demo, is_public, is_universal, created_at, updated_at, use_icon_as_answer_icon'
parameters = ('2f28f0af-ae44-4df6-b734-dbb950e55ec3', '4716c498-f8d6-4624-bddf-5bb4f41f1c66', 'Scope completion', 'completion', None, None, ...)
context = <sqlalchemy.dialects.sqlite.base.SQLiteExecutionContext object at 0x12eef7a40>

    def do_execute(self, cursor, statement, parameters, context=None):
>       cursor.execute(statement, parameters)
E       sqlite3.IntegrityError: NOT NULL constraint failed: apps.enable_api

/private/tmp/dify-m02-python-complete/lib/python3.12/site-packages/sqlalchemy/engine/default.py:952: IntegrityError

The above exception was the direct cause of the following exception:

sqlite_session = <sqlalchemy.orm.session.Session object at 0x12eef4590>
config_overrides = <function config_overrides.<locals>.apply at 0x12e727a60>
monkeypatch = <_pytest.monkeypatch.MonkeyPatch object at 0x12eef49b0>

    @pytest.fixture
    def passport_apps(sqlite_session: Session, config_overrides, monkeypatch):
        config_overrides(SECRET_KEY="synthetic-webapp-scope-test-key")
        monkeypatch.setattr(wraps.SystemFeatureService, "is_webapp_auth_enabled", lambda: False)
        fixtures = []
        for mode in (AppMode.COMPLETION, AppMode.CHAT, AppMode.WORKFLOW):
            app = App(tenant_id=str(uuid4()), name=f"Scope {mode.value}", mode=mode.value, enable_site=True)
            sqlite_session.add(app)
>           sqlite_session.flush()

api/tests/unit_tests/controllers/web/test_webapp_passport_scope_extend.py:28: 
_ _ _ _ _ _ _ _ _ _ _ _ _ _ _ _ _ _ _ _ _ _ _ _ _ _ _ _ _ _ _ _ _ _ _ _ _ _ _ _ 
/private/tmp/dify-m02-python-complete/lib/python3.12/site-packages/sqlalchemy/orm/session.py:4331: in flush
    self._flush(objects)
/private/tmp/dify-m02-python-complete/lib/python3.12/site-packages/sqlalchemy/orm/session.py:4466: in _flush
    with util.safe_reraise():
         ^^^^^^^^^^^^^^^^^^^
/private/tmp/dify-m02-python-complete/lib/python3.12/site-packages/sqlalchemy/util/langhelpers.py:121: in __exit__
    raise exc_value.with_traceback(exc_tb)
/private/tmp/dify-m02-python-complete/lib/python3.12/site-packages/sqlalchemy/orm/session.py:4427: in _flush
    flush_context.execute()
/private/tmp/dify-m02-python-complete/lib/python3.12/site-packages/sqlalchemy/orm/unitofwork.py:466: in execute
    rec.execute(self)
/private/tmp/dify-m02-python-complete/lib/python3.12/site-packages/sqlalchemy/orm/unitofwork.py:642: in execute
    util.preloaded.orm_persistence.save_obj(
/private/tmp/dify-m02-python-complete/lib/python3.12/site-packages/sqlalchemy/orm/persistence.py:93: in save_obj
    _emit_insert_statements(
/private/tmp/dify-m02-python-complete/lib/python3.12/site-packages/sqlalchemy/orm/persistence.py:1233: in _emit_insert_statements
    result = connection.execute(
/private/tmp/dify-m02-python-complete/lib/python3.12/site-packages/sqlalchemy/engine/base.py:1419: in execute
    return meth(
/private/tmp/dify-m02-python-complete/lib/python3.12/site-packages/sqlalchemy/sql/elements.py:527: in _execute_on_connection
    return connection._execute_clauseelement(
/private/tmp/dify-m02-python-complete/lib/python3.12/site-packages/sqlalchemy/engine/base.py:1641: in _execute_clauseelement
    ret = self._execute_context(
/private/tmp/dify-m02-python-complete/lib/python3.12/site-packages/sqlalchemy/engine/base.py:1846: in _execute_context
    return self._exec_single_context(
/private/tmp/dify-m02-python-complete/lib/python3.12/site-packages/sqlalchemy/engine/base.py:1986: in _exec_single_context
    self._handle_dbapi_exception(
/private/tmp/dify-m02-python-complete/lib/python3.12/site-packages/sqlalchemy/engine/base.py:2363: in _handle_dbapi_exception
    raise sqlalchemy_exception.with_traceback(exc_info[2]) from e
/private/tmp/dify-m02-python-complete/lib/python3.12/site-packages/sqlalchemy/engine/base.py:1967: in _exec_single_context
    self.dialect.do_execute(
_ _ _ _ _ _ _ _ _ _ _ _ _ _ _ _ _ _ _ _ _ _ _ _ _ _ _ _ _ _ _ _ _ _ _ _ _ _ _ _ 

self = <sqlalchemy.dialects.sqlite.pysqlite.SQLiteDialect_pysqlite object at 0x12ee736e0>
cursor = <sqlite3.Cursor object at 0x12ec4ee40>
statement = 'INSERT INTO apps (id, tenant_id, name, description, mode, icon_type, icon, icon_background, app_model_config_id, work...RNING description, api_rpm, api_rph, is_demo, is_public, is_universal, created_at, updated_at, use_icon_as_answer_icon'
parameters = ('2f28f0af-ae44-4df6-b734-dbb950e55ec3', '4716c498-f8d6-4624-bddf-5bb4f41f1c66', 'Scope completion', 'completion', None, None, ...)
context = <sqlalchemy.dialects.sqlite.base.SQLiteExecutionContext object at 0x12eef7a40>

    def do_execute(self, cursor, statement, parameters, context=None):
>       cursor.execute(statement, parameters)
E       sqlalchemy.exc.IntegrityError: (sqlite3.IntegrityError) NOT NULL constraint failed: apps.enable_api
E       [SQL: INSERT INTO apps (id, tenant_id, name, description, mode, icon_type, icon, icon_background, app_model_config_id, workflow_id, status, enable_site, enable_api, max_active_requests, tracing, created_by, maintainer, updated_by) VALUES (?, ?, ?, '', ?, ?, ?, ?, ?, ?, ?, ?, ?, ?, ?, ?, ?, ?) RETURNING description, api_rpm, api_rph, is_demo, is_public, is_universal, created_at, updated_at, use_icon_as_answer_icon]
E       [parameters: ('2f28f0af-ae44-4df6-b734-dbb950e55ec3', '4716c498-f8d6-4624-bddf-5bb4f41f1c66', 'Scope completion', 'completion', None, None, None, None, None, 'normal', 1, None, None, None, None, None, None)]
E       (Background on this error at: https://sqlalche.me/e/20/gkpj)

/private/tmp/dify-m02-python-complete/lib/python3.12/site-packages/sqlalchemy/engine/default.py:952: IntegrityError
_ ERROR at setup of test_cross_app_scope_rejected_before_database_or_enterprise_dispatch[True-header-pair0] _

self = <sqlalchemy.engine.base.Connection object at 0x126f404a0>
dialect = <sqlalchemy.dialects.sqlite.pysqlite.SQLiteDialect_pysqlite object at 0x12edd7020>
context = <sqlalchemy.dialects.sqlite.base.SQLiteExecutionContext object at 0x129c85a90>
statement = <sqlalchemy.dialects.sqlite.base.SQLiteCompiler object at 0x129c116d0>
parameters = [('ef1365d3-b4dc-41df-9a91-c0af32ce0b91', 'dad756f6-e184-4955-932f-cc23c03c5512', 'Scope completion', 'completion', None, None, ...)]

    def _exec_single_context(
        self,
        dialect: Dialect,
        context: ExecutionContext,
        statement: Union[str, Compiled],
        parameters: Optional[_AnyMultiExecuteParams],
    ) -> CursorResult[Any]:
        """continue the _execute_context() method for a single DBAPI
        cursor.execute() or cursor.executemany() call.
    
        """
        if dialect.bind_typing is BindTyping.SETINPUTSIZES:
            generic_setinputsizes = context._prepare_set_input_sizes()
    
            if generic_setinputsizes:
                try:
                    dialect.do_set_input_sizes(
                        context.cursor, generic_setinputsizes, context
                    )
                except BaseException as e:
                    self._handle_dbapi_exception(
                        e, str(statement), parameters, None, context
                    )
    
        cursor, str_statement, parameters = (
            context.cursor,
            context.statement,
            context.parameters,
        )
    
        effective_parameters: Optional[_AnyExecuteParams]
    
        if not context.executemany:
            effective_parameters = parameters[0]
        else:
            effective_parameters = parameters
    
        if self._has_events or self.engine._has_events:
            for fn in self.dispatch.before_cursor_execute:
                str_statement, effective_parameters = fn(
                    self,
                    cursor,
                    str_statement,
                    effective_parameters,
                    context,
                    context.executemany,
                )
    
        if self._echo:
            self._log_info(str_statement)
    
            stats = context._get_cache_stats()
    
            if not self.engine.hide_parameters:
                self._log_info(
                    "[%s] %r",
                    stats,
                    sql_util._repr_params(
                        effective_parameters,
                        batches=10,
                        ismulti=context.executemany,
                    ),
                )
            else:
                self._log_info(
                    "[%s] [SQL parameters hidden due to hide_parameters=True]",
                    stats,
                )
    
        evt_handled: bool = False
        try:
            if context.execute_style is ExecuteStyle.EXECUTEMANY:
                effective_parameters = cast(
                    "_CoreMultiExecuteParams", effective_parameters
                )
                if self.dialect._has_events:
                    for fn in self.dialect.dispatch.do_executemany:
                        if fn(
                            cursor,
                            str_statement,
                            effective_parameters,
                            context,
                        ):
                            evt_handled = True
                            break
                if not evt_handled:
                    self.dialect.do_executemany(
                        cursor,
                        str_statement,
                        effective_parameters,
                        context,
                    )
            elif not effective_parameters and context.no_parameters:
                if self.dialect._has_events:
                    for fn in self.dialect.dispatch.do_execute_no_params:
                        if fn(cursor, str_statement, context):
                            evt_handled = True
                            break
                if not evt_handled:
                    self.dialect.do_execute_no_params(
                        cursor, str_statement, context
                    )
            else:
                effective_parameters = cast(
                    "_CoreSingleExecuteParams", effective_parameters
                )
                if self.dialect._has_events:
                    for fn in self.dialect.dispatch.do_execute:
                        if fn(
                            cursor,
                            str_statement,
                            effective_parameters,
                            context,
                        ):
                            evt_handled = True
                            break
                if not evt_handled:
>                   self.dialect.do_execute(
                        cursor, str_statement, effective_parameters, context
                    )

/private/tmp/dify-m02-python-complete/lib/python3.12/site-packages/sqlalchemy/engine/base.py:1967: 
_ _ _ _ _ _ _ _ _ _ _ _ _ _ _ _ _ _ _ _ _ _ _ _ _ _ _ _ _ _ _ _ _ _ _ _ _ _ _ _ 

self = <sqlalchemy.dialects.sqlite.pysqlite.SQLiteDialect_pysqlite object at 0x12edd7020>
cursor = <sqlite3.Cursor object at 0x12dc072c0>
statement = 'INSERT INTO apps (id, tenant_id, name, description, mode, icon_type, icon, icon_background, app_model_config_id, work...RNING description, api_rpm, api_rph, is_demo, is_public, is_universal, created_at, updated_at, use_icon_as_answer_icon'
parameters = ('ef1365d3-b4dc-41df-9a91-c0af32ce0b91', 'dad756f6-e184-4955-932f-cc23c03c5512', 'Scope completion', 'completion', None, None, ...)
context = <sqlalchemy.dialects.sqlite.base.SQLiteExecutionContext object at 0x129c85a90>

    def do_execute(self, cursor, statement, parameters, context=None):
>       cursor.execute(statement, parameters)
E       sqlite3.IntegrityError: NOT NULL constraint failed: apps.enable_api

/private/tmp/dify-m02-python-complete/lib/python3.12/site-packages/sqlalchemy/engine/default.py:952: IntegrityError

The above exception was the direct cause of the following exception:

sqlite_session = <sqlalchemy.orm.session.Session object at 0x126f416d0>
config_overrides = <function config_overrides.<locals>.apply at 0x12eeddc60>
monkeypatch = <_pytest.monkeypatch.MonkeyPatch object at 0x126f40c80>

    @pytest.fixture
    def passport_apps(sqlite_session: Session, config_overrides, monkeypatch):
        config_overrides(SECRET_KEY="synthetic-webapp-scope-test-key")
        monkeypatch.setattr(wraps.SystemFeatureService, "is_webapp_auth_enabled", lambda: False)
        fixtures = []
        for mode in (AppMode.COMPLETION, AppMode.CHAT, AppMode.WORKFLOW):
            app = App(tenant_id=str(uuid4()), name=f"Scope {mode.value}", mode=mode.value, enable_site=True)
            sqlite_session.add(app)
>           sqlite_session.flush()

api/tests/unit_tests/controllers/web/test_webapp_passport_scope_extend.py:28: 
_ _ _ _ _ _ _ _ _ _ _ _ _ _ _ _ _ _ _ _ _ _ _ _ _ _ _ _ _ _ _ _ _ _ _ _ _ _ _ _ 
/private/tmp/dify-m02-python-complete/lib/python3.12/site-packages/sqlalchemy/orm/session.py:4331: in flush
    self._flush(objects)
/private/tmp/dify-m02-python-complete/lib/python3.12/site-packages/sqlalchemy/orm/session.py:4466: in _flush
    with util.safe_reraise():
         ^^^^^^^^^^^^^^^^^^^
/private/tmp/dify-m02-python-complete/lib/python3.12/site-packages/sqlalchemy/util/langhelpers.py:121: in __exit__
    raise exc_value.with_traceback(exc_tb)
/private/tmp/dify-m02-python-complete/lib/python3.12/site-packages/sqlalchemy/orm/session.py:4427: in _flush
    flush_context.execute()
/private/tmp/dify-m02-python-complete/lib/python3.12/site-packages/sqlalchemy/orm/unitofwork.py:466: in execute
    rec.execute(self)
/private/tmp/dify-m02-python-complete/lib/python3.12/site-packages/sqlalchemy/orm/unitofwork.py:642: in execute
    util.preloaded.orm_persistence.save_obj(
/private/tmp/dify-m02-python-complete/lib/python3.12/site-packages/sqlalchemy/orm/persistence.py:93: in save_obj
    _emit_insert_statements(
/private/tmp/dify-m02-python-complete/lib/python3.12/site-packages/sqlalchemy/orm/persistence.py:1233: in _emit_insert_statements
    result = connection.execute(
/private/tmp/dify-m02-python-complete/lib/python3.12/site-packages/sqlalchemy/engine/base.py:1419: in execute
    return meth(
/private/tmp/dify-m02-python-complete/lib/python3.12/site-packages/sqlalchemy/sql/elements.py:527: in _execute_on_connection
    return connection._execute_clauseelement(
/private/tmp/dify-m02-python-complete/lib/python3.12/site-packages/sqlalchemy/engine/base.py:1641: in _execute_clauseelement
    ret = self._execute_context(
/private/tmp/dify-m02-python-complete/lib/python3.12/site-packages/sqlalchemy/engine/base.py:1846: in _execute_context
    return self._exec_single_context(
/private/tmp/dify-m02-python-complete/lib/python3.12/site-packages/sqlalchemy/engine/base.py:1986: in _exec_single_context
    self._handle_dbapi_exception(
/private/tmp/dify-m02-python-complete/lib/python3.12/site-packages/sqlalchemy/engine/base.py:2363: in _handle_dbapi_exception
    raise sqlalchemy_exception.with_traceback(exc_info[2]) from e
/private/tmp/dify-m02-python-complete/lib/python3.12/site-packages/sqlalchemy/engine/base.py:1967: in _exec_single_context
    self.dialect.do_execute(
_ _ _ _ _ _ _ _ _ _ _ _ _ _ _ _ _ _ _ _ _ _ _ _ _ _ _ _ _ _ _ _ _ _ _ _ _ _ _ _ 

self = <sqlalchemy.dialects.sqlite.pysqlite.SQLiteDialect_pysqlite object at 0x12edd7020>
cursor = <sqlite3.Cursor object at 0x12dc072c0>
statement = 'INSERT INTO apps (id, tenant_id, name, description, mode, icon_type, icon, icon_background, app_model_config_id, work...RNING description, api_rpm, api_rph, is_demo, is_public, is_universal, created_at, updated_at, use_icon_as_answer_icon'
parameters = ('ef1365d3-b4dc-41df-9a91-c0af32ce0b91', 'dad756f6-e184-4955-932f-cc23c03c5512', 'Scope completion', 'completion', None, None, ...)
context = <sqlalchemy.dialects.sqlite.base.SQLiteExecutionContext object at 0x129c85a90>

    def do_execute(self, cursor, statement, parameters, context=None):
>       cursor.execute(statement, parameters)
E       sqlalchemy.exc.IntegrityError: (sqlite3.IntegrityError) NOT NULL constraint failed: apps.enable_api
E       [SQL: INSERT INTO apps (id, tenant_id, name, description, mode, icon_type, icon, icon_background, app_model_config_id, workflow_id, status, enable_site, enable_api, max_active_requests, tracing, created_by, maintainer, updated_by) VALUES (?, ?, ?, '', ?, ?, ?, ?, ?, ?, ?, ?, ?, ?, ?, ?, ?, ?) RETURNING description, api_rpm, api_rph, is_demo, is_public, is_universal, created_at, updated_at, use_icon_as_answer_icon]
E       [parameters: ('ef1365d3-b4dc-41df-9a91-c0af32ce0b91', 'dad756f6-e184-4955-932f-cc23c03c5512', 'Scope completion', 'completion', None, None, None, None, None, 'normal', 1, None, None, None, None, None, None)]
E       (Background on this error at: https://sqlalche.me/e/20/gkpj)

/private/tmp/dify-m02-python-complete/lib/python3.12/site-packages/sqlalchemy/engine/default.py:952: IntegrityError
_ ERROR at setup of test_cross_app_scope_rejected_before_database_or_enterprise_dispatch[True-header-pair1] _

self = <sqlalchemy.engine.base.Connection object at 0x12d86ccb0>
dialect = <sqlalchemy.dialects.sqlite.pysqlite.SQLiteDialect_pysqlite object at 0x12d760830>
context = <sqlalchemy.dialects.sqlite.base.SQLiteExecutionContext object at 0x12d8f4f80>
statement = <sqlalchemy.dialects.sqlite.base.SQLiteCompiler object at 0x12d86d520>
parameters = [('e9c75108-ab59-49fe-935e-d560a510d926', 'ccf19266-2223-473f-a6fa-375e5c43ea6a', 'Scope completion', 'completion', None, None, ...)]

    def _exec_single_context(
        self,
        dialect: Dialect,
        context: ExecutionContext,
        statement: Union[str, Compiled],
        parameters: Optional[_AnyMultiExecuteParams],
    ) -> CursorResult[Any]:
        """continue the _execute_context() method for a single DBAPI
        cursor.execute() or cursor.executemany() call.
    
        """
        if dialect.bind_typing is BindTyping.SETINPUTSIZES:
            generic_setinputsizes = context._prepare_set_input_sizes()
    
            if generic_setinputsizes:
                try:
                    dialect.do_set_input_sizes(
                        context.cursor, generic_setinputsizes, context
                    )
                except BaseException as e:
                    self._handle_dbapi_exception(
                        e, str(statement), parameters, None, context
                    )
    
        cursor, str_statement, parameters = (
            context.cursor,
            context.statement,
            context.parameters,
        )
    
        effective_parameters: Optional[_AnyExecuteParams]
    
        if not context.executemany:
            effective_parameters = parameters[0]
        else:
            effective_parameters = parameters
    
        if self._has_events or self.engine._has_events:
            for fn in self.dispatch.before_cursor_execute:
                str_statement, effective_parameters = fn(
                    self,
                    cursor,
                    str_statement,
                    effective_parameters,
                    context,
                    context.executemany,
                )
    
        if self._echo:
            self._log_info(str_statement)
    
            stats = context._get_cache_stats()
    
            if not self.engine.hide_parameters:
                self._log_info(
                    "[%s] %r",
                    stats,
                    sql_util._repr_params(
                        effective_parameters,
                        batches=10,
                        ismulti=context.executemany,
                    ),
                )
            else:
                self._log_info(
                    "[%s] [SQL parameters hidden due to hide_parameters=True]",
                    stats,
                )
    
        evt_handled: bool = False
        try:
            if context.execute_style is ExecuteStyle.EXECUTEMANY:
                effective_parameters = cast(
                    "_CoreMultiExecuteParams", effective_parameters
                )
                if self.dialect._has_events:
                    for fn in self.dialect.dispatch.do_executemany:
                        if fn(
                            cursor,
                            str_statement,
                            effective_parameters,
                            context,
                        ):
                            evt_handled = True
                            break
                if not evt_handled:
                    self.dialect.do_executemany(
                        cursor,
                        str_statement,
                        effective_parameters,
                        context,
                    )
            elif not effective_parameters and context.no_parameters:
                if self.dialect._has_events:
                    for fn in self.dialect.dispatch.do_execute_no_params:
                        if fn(cursor, str_statement, context):
                            evt_handled = True
                            break
                if not evt_handled:
                    self.dialect.do_execute_no_params(
                        cursor, str_statement, context
                    )
            else:
                effective_parameters = cast(
                    "_CoreSingleExecuteParams", effective_parameters
                )
                if self.dialect._has_events:
                    for fn in self.dialect.dispatch.do_execute:
                        if fn(
                            cursor,
                            str_statement,
                            effective_parameters,
                            context,
                        ):
                            evt_handled = True
                            break
                if not evt_handled:
>                   self.dialect.do_execute(
                        cursor, str_statement, effective_parameters, context
                    )

/private/tmp/dify-m02-python-complete/lib/python3.12/site-packages/sqlalchemy/engine/base.py:1967: 
_ _ _ _ _ _ _ _ _ _ _ _ _ _ _ _ _ _ _ _ _ _ _ _ _ _ _ _ _ _ _ _ _ _ _ _ _ _ _ _ 

self = <sqlalchemy.dialects.sqlite.pysqlite.SQLiteDialect_pysqlite object at 0x12d760830>
cursor = <sqlite3.Cursor object at 0x12d1456c0>
statement = 'INSERT INTO apps (id, tenant_id, name, description, mode, icon_type, icon, icon_background, app_model_config_id, work...RNING description, api_rpm, api_rph, is_demo, is_public, is_universal, created_at, updated_at, use_icon_as_answer_icon'
parameters = ('e9c75108-ab59-49fe-935e-d560a510d926', 'ccf19266-2223-473f-a6fa-375e5c43ea6a', 'Scope completion', 'completion', None, None, ...)
context = <sqlalchemy.dialects.sqlite.base.SQLiteExecutionContext object at 0x12d8f4f80>

    def do_execute(self, cursor, statement, parameters, context=None):
>       cursor.execute(statement, parameters)
E       sqlite3.IntegrityError: NOT NULL constraint failed: apps.enable_api

/private/tmp/dify-m02-python-complete/lib/python3.12/site-packages/sqlalchemy/engine/default.py:952: IntegrityError

The above exception was the direct cause of the following exception:

sqlite_session = <sqlalchemy.orm.session.Session object at 0x12d84c290>
config_overrides = <function config_overrides.<locals>.apply at 0x12efd1440>
monkeypatch = <_pytest.monkeypatch.MonkeyPatch object at 0x12d7618e0>

    @pytest.fixture
    def passport_apps(sqlite_session: Session, config_overrides, monkeypatch):
        config_overrides(SECRET_KEY="synthetic-webapp-scope-test-key")
        monkeypatch.setattr(wraps.SystemFeatureService, "is_webapp_auth_enabled", lambda: False)
        fixtures = []
        for mode in (AppMode.COMPLETION, AppMode.CHAT, AppMode.WORKFLOW):
            app = App(tenant_id=str(uuid4()), name=f"Scope {mode.value}", mode=mode.value, enable_site=True)
            sqlite_session.add(app)
>           sqlite_session.flush()

api/tests/unit_tests/controllers/web/test_webapp_passport_scope_extend.py:28: 
_ _ _ _ _ _ _ _ _ _ _ _ _ _ _ _ _ _ _ _ _ _ _ _ _ _ _ _ _ _ _ _ _ _ _ _ _ _ _ _ 
/private/tmp/dify-m02-python-complete/lib/python3.12/site-packages/sqlalchemy/orm/session.py:4331: in flush
    self._flush(objects)
/private/tmp/dify-m02-python-complete/lib/python3.12/site-packages/sqlalchemy/orm/session.py:4466: in _flush
    with util.safe_reraise():
         ^^^^^^^^^^^^^^^^^^^
/private/tmp/dify-m02-python-complete/lib/python3.12/site-packages/sqlalchemy/util/langhelpers.py:121: in __exit__
    raise exc_value.with_traceback(exc_tb)
/private/tmp/dify-m02-python-complete/lib/python3.12/site-packages/sqlalchemy/orm/session.py:4427: in _flush
    flush_context.execute()
/private/tmp/dify-m02-python-complete/lib/python3.12/site-packages/sqlalchemy/orm/unitofwork.py:466: in execute
    rec.execute(self)
/private/tmp/dify-m02-python-complete/lib/python3.12/site-packages/sqlalchemy/orm/unitofwork.py:642: in execute
    util.preloaded.orm_persistence.save_obj(
/private/tmp/dify-m02-python-complete/lib/python3.12/site-packages/sqlalchemy/orm/persistence.py:93: in save_obj
    _emit_insert_statements(
/private/tmp/dify-m02-python-complete/lib/python3.12/site-packages/sqlalchemy/orm/persistence.py:1233: in _emit_insert_statements
    result = connection.execute(
/private/tmp/dify-m02-python-complete/lib/python3.12/site-packages/sqlalchemy/engine/base.py:1419: in execute
    return meth(
/private/tmp/dify-m02-python-complete/lib/python3.12/site-packages/sqlalchemy/sql/elements.py:527: in _execute_on_connection
    return connection._execute_clauseelement(
/private/tmp/dify-m02-python-complete/lib/python3.12/site-packages/sqlalchemy/engine/base.py:1641: in _execute_clauseelement
    ret = self._execute_context(
/private/tmp/dify-m02-python-complete/lib/python3.12/site-packages/sqlalchemy/engine/base.py:1846: in _execute_context
    return self._exec_single_context(
/private/tmp/dify-m02-python-complete/lib/python3.12/site-packages/sqlalchemy/engine/base.py:1986: in _exec_single_context
    self._handle_dbapi_exception(
/private/tmp/dify-m02-python-complete/lib/python3.12/site-packages/sqlalchemy/engine/base.py:2363: in _handle_dbapi_exception
    raise sqlalchemy_exception.with_traceback(exc_info[2]) from e
/private/tmp/dify-m02-python-complete/lib/python3.12/site-packages/sqlalchemy/engine/base.py:1967: in _exec_single_context
    self.dialect.do_execute(
_ _ _ _ _ _ _ _ _ _ _ _ _ _ _ _ _ _ _ _ _ _ _ _ _ _ _ _ _ _ _ _ _ _ _ _ _ _ _ _ 

self = <sqlalchemy.dialects.sqlite.pysqlite.SQLiteDialect_pysqlite object at 0x12d760830>
cursor = <sqlite3.Cursor object at 0x12d1456c0>
statement = 'INSERT INTO apps (id, tenant_id, name, description, mode, icon_type, icon, icon_background, app_model_config_id, work...RNING description, api_rpm, api_rph, is_demo, is_public, is_universal, created_at, updated_at, use_icon_as_answer_icon'
parameters = ('e9c75108-ab59-49fe-935e-d560a510d926', 'ccf19266-2223-473f-a6fa-375e5c43ea6a', 'Scope completion', 'completion', None, None, ...)
context = <sqlalchemy.dialects.sqlite.base.SQLiteExecutionContext object at 0x12d8f4f80>

    def do_execute(self, cursor, statement, parameters, context=None):
>       cursor.execute(statement, parameters)
E       sqlalchemy.exc.IntegrityError: (sqlite3.IntegrityError) NOT NULL constraint failed: apps.enable_api
E       [SQL: INSERT INTO apps (id, tenant_id, name, description, mode, icon_type, icon, icon_background, app_model_config_id, workflow_id, status, enable_site, enable_api, max_active_requests, tracing, created_by, maintainer, updated_by) VALUES (?, ?, ?, '', ?, ?, ?, ?, ?, ?, ?, ?, ?, ?, ?, ?, ?, ?) RETURNING description, api_rpm, api_rph, is_demo, is_public, is_universal, created_at, updated_at, use_icon_as_answer_icon]
E       [parameters: ('e9c75108-ab59-49fe-935e-d560a510d926', 'ccf19266-2223-473f-a6fa-375e5c43ea6a', 'Scope completion', 'completion', None, None, None, None, None, 'normal', 1, None, None, None, None, None, None)]
E       (Background on this error at: https://sqlalche.me/e/20/gkpj)

/private/tmp/dify-m02-python-complete/lib/python3.12/site-packages/sqlalchemy/engine/default.py:952: IntegrityError
_ ERROR at setup of test_cross_app_scope_rejected_before_database_or_enterprise_dispatch[True-query-pair0] _

self = <sqlalchemy.engine.base.Connection object at 0x12d9467b0>
dialect = <sqlalchemy.dialects.sqlite.pysqlite.SQLiteDialect_pysqlite object at 0x12eefb1d0>
context = <sqlalchemy.dialects.sqlite.base.SQLiteExecutionContext object at 0x126edc650>
statement = <sqlalchemy.dialects.sqlite.base.SQLiteCompiler object at 0x12d946c90>
parameters = [('97d663cf-ed90-4d5c-a1fe-398c984afdf3', '7891e1a9-8516-4f8b-ab8f-1e1bd73beb48', 'Scope completion', 'completion', None, None, ...)]

    def _exec_single_context(
        self,
        dialect: Dialect,
        context: ExecutionContext,
        statement: Union[str, Compiled],
        parameters: Optional[_AnyMultiExecuteParams],
    ) -> CursorResult[Any]:
        """continue the _execute_context() method for a single DBAPI
        cursor.execute() or cursor.executemany() call.
    
        """
        if dialect.bind_typing is BindTyping.SETINPUTSIZES:
            generic_setinputsizes = context._prepare_set_input_sizes()
    
            if generic_setinputsizes:
                try:
                    dialect.do_set_input_sizes(
                        context.cursor, generic_setinputsizes, context
                    )
                except BaseException as e:
                    self._handle_dbapi_exception(
                        e, str(statement), parameters, None, context
                    )
    
        cursor, str_statement, parameters = (
            context.cursor,
            context.statement,
            context.parameters,
        )
    
        effective_parameters: Optional[_AnyExecuteParams]
    
        if not context.executemany:
            effective_parameters = parameters[0]
        else:
            effective_parameters = parameters
    
        if self._has_events or self.engine._has_events:
            for fn in self.dispatch.before_cursor_execute:
                str_statement, effective_parameters = fn(
                    self,
                    cursor,
                    str_statement,
                    effective_parameters,
                    context,
                    context.executemany,
                )
    
        if self._echo:
            self._log_info(str_statement)
    
            stats = context._get_cache_stats()
    
            if not self.engine.hide_parameters:
                self._log_info(
                    "[%s] %r",
                    stats,
                    sql_util._repr_params(
                        effective_parameters,
                        batches=10,
                        ismulti=context.executemany,
                    ),
                )
            else:
                self._log_info(
                    "[%s] [SQL parameters hidden due to hide_parameters=True]",
                    stats,
                )
    
        evt_handled: bool = False
        try:
            if context.execute_style is ExecuteStyle.EXECUTEMANY:
                effective_parameters = cast(
                    "_CoreMultiExecuteParams", effective_parameters
                )
                if self.dialect._has_events:
                    for fn in self.dialect.dispatch.do_executemany:
                        if fn(
                            cursor,
                            str_statement,
                            effective_parameters,
                            context,
                        ):
                            evt_handled = True
                            break
                if not evt_handled:
                    self.dialect.do_executemany(
                        cursor,
                        str_statement,
                        effective_parameters,
                        context,
                    )
            elif not effective_parameters and context.no_parameters:
                if self.dialect._has_events:
                    for fn in self.dialect.dispatch.do_execute_no_params:
                        if fn(cursor, str_statement, context):
                            evt_handled = True
                            break
                if not evt_handled:
                    self.dialect.do_execute_no_params(
                        cursor, str_statement, context
                    )
            else:
                effective_parameters = cast(
                    "_CoreSingleExecuteParams", effective_parameters
                )
                if self.dialect._has_events:
                    for fn in self.dialect.dispatch.do_execute:
                        if fn(
                            cursor,
                            str_statement,
                            effective_parameters,
                            context,
                        ):
                            evt_handled = True
                            break
                if not evt_handled:
>                   self.dialect.do_execute(
                        cursor, str_statement, effective_parameters, context
                    )

/private/tmp/dify-m02-python-complete/lib/python3.12/site-packages/sqlalchemy/engine/base.py:1967: 
_ _ _ _ _ _ _ _ _ _ _ _ _ _ _ _ _ _ _ _ _ _ _ _ _ _ _ _ _ _ _ _ _ _ _ _ _ _ _ _ 

self = <sqlalchemy.dialects.sqlite.pysqlite.SQLiteDialect_pysqlite object at 0x12eefb1d0>
cursor = <sqlite3.Cursor object at 0x12d9a2240>
statement = 'INSERT INTO apps (id, tenant_id, name, description, mode, icon_type, icon, icon_background, app_model_config_id, work...RNING description, api_rpm, api_rph, is_demo, is_public, is_universal, created_at, updated_at, use_icon_as_answer_icon'
parameters = ('97d663cf-ed90-4d5c-a1fe-398c984afdf3', '7891e1a9-8516-4f8b-ab8f-1e1bd73beb48', 'Scope completion', 'completion', None, None, ...)
context = <sqlalchemy.dialects.sqlite.base.SQLiteExecutionContext object at 0x126edc650>

    def do_execute(self, cursor, statement, parameters, context=None):
>       cursor.execute(statement, parameters)
E       sqlite3.IntegrityError: NOT NULL constraint failed: apps.enable_api

/private/tmp/dify-m02-python-complete/lib/python3.12/site-packages/sqlalchemy/engine/default.py:952: IntegrityError

The above exception was the direct cause of the following exception:

sqlite_session = <sqlalchemy.orm.session.Session object at 0x12e73aa80>
config_overrides = <function config_overrides.<locals>.apply at 0x12efd02c0>
monkeypatch = <_pytest.monkeypatch.MonkeyPatch object at 0x12eefbd70>

    @pytest.fixture
    def passport_apps(sqlite_session: Session, config_overrides, monkeypatch):
        config_overrides(SECRET_KEY="synthetic-webapp-scope-test-key")
        monkeypatch.setattr(wraps.SystemFeatureService, "is_webapp_auth_enabled", lambda: False)
        fixtures = []
        for mode in (AppMode.COMPLETION, AppMode.CHAT, AppMode.WORKFLOW):
            app = App(tenant_id=str(uuid4()), name=f"Scope {mode.value}", mode=mode.value, enable_site=True)
            sqlite_session.add(app)
>           sqlite_session.flush()

api/tests/unit_tests/controllers/web/test_webapp_passport_scope_extend.py:28: 
_ _ _ _ _ _ _ _ _ _ _ _ _ _ _ _ _ _ _ _ _ _ _ _ _ _ _ _ _ _ _ _ _ _ _ _ _ _ _ _ 
/private/tmp/dify-m02-python-complete/lib/python3.12/site-packages/sqlalchemy/orm/session.py:4331: in flush
    self._flush(objects)
/private/tmp/dify-m02-python-complete/lib/python3.12/site-packages/sqlalchemy/orm/session.py:4466: in _flush
    with util.safe_reraise():
         ^^^^^^^^^^^^^^^^^^^
/private/tmp/dify-m02-python-complete/lib/python3.12/site-packages/sqlalchemy/util/langhelpers.py:121: in __exit__
    raise exc_value.with_traceback(exc_tb)
/private/tmp/dify-m02-python-complete/lib/python3.12/site-packages/sqlalchemy/orm/session.py:4427: in _flush
    flush_context.execute()
/private/tmp/dify-m02-python-complete/lib/python3.12/site-packages/sqlalchemy/orm/unitofwork.py:466: in execute
    rec.execute(self)
/private/tmp/dify-m02-python-complete/lib/python3.12/site-packages/sqlalchemy/orm/unitofwork.py:642: in execute
    util.preloaded.orm_persistence.save_obj(
/private/tmp/dify-m02-python-complete/lib/python3.12/site-packages/sqlalchemy/orm/persistence.py:93: in save_obj
    _emit_insert_statements(
/private/tmp/dify-m02-python-complete/lib/python3.12/site-packages/sqlalchemy/orm/persistence.py:1233: in _emit_insert_statements
    result = connection.execute(
/private/tmp/dify-m02-python-complete/lib/python3.12/site-packages/sqlalchemy/engine/base.py:1419: in execute
    return meth(
/private/tmp/dify-m02-python-complete/lib/python3.12/site-packages/sqlalchemy/sql/elements.py:527: in _execute_on_connection
    return connection._execute_clauseelement(
/private/tmp/dify-m02-python-complete/lib/python3.12/site-packages/sqlalchemy/engine/base.py:1641: in _execute_clauseelement
    ret = self._execute_context(
/private/tmp/dify-m02-python-complete/lib/python3.12/site-packages/sqlalchemy/engine/base.py:1846: in _execute_context
    return self._exec_single_context(
/private/tmp/dify-m02-python-complete/lib/python3.12/site-packages/sqlalchemy/engine/base.py:1986: in _exec_single_context
    self._handle_dbapi_exception(
/private/tmp/dify-m02-python-complete/lib/python3.12/site-packages/sqlalchemy/engine/base.py:2363: in _handle_dbapi_exception
    raise sqlalchemy_exception.with_traceback(exc_info[2]) from e
/private/tmp/dify-m02-python-complete/lib/python3.12/site-packages/sqlalchemy/engine/base.py:1967: in _exec_single_context
    self.dialect.do_execute(
_ _ _ _ _ _ _ _ _ _ _ _ _ _ _ _ _ _ _ _ _ _ _ _ _ _ _ _ _ _ _ _ _ _ _ _ _ _ _ _ 

self = <sqlalchemy.dialects.sqlite.pysqlite.SQLiteDialect_pysqlite object at 0x12eefb1d0>
cursor = <sqlite3.Cursor object at 0x12d9a2240>
statement = 'INSERT INTO apps (id, tenant_id, name, description, mode, icon_type, icon, icon_background, app_model_config_id, work...RNING description, api_rpm, api_rph, is_demo, is_public, is_universal, created_at, updated_at, use_icon_as_answer_icon'
parameters = ('97d663cf-ed90-4d5c-a1fe-398c984afdf3', '7891e1a9-8516-4f8b-ab8f-1e1bd73beb48', 'Scope completion', 'completion', None, None, ...)
context = <sqlalchemy.dialects.sqlite.base.SQLiteExecutionContext object at 0x126edc650>

    def do_execute(self, cursor, statement, parameters, context=None):
>       cursor.execute(statement, parameters)
E       sqlalchemy.exc.IntegrityError: (sqlite3.IntegrityError) NOT NULL constraint failed: apps.enable_api
E       [SQL: INSERT INTO apps (id, tenant_id, name, description, mode, icon_type, icon, icon_background, app_model_config_id, workflow_id, status, enable_site, enable_api, max_active_requests, tracing, created_by, maintainer, updated_by) VALUES (?, ?, ?, '', ?, ?, ?, ?, ?, ?, ?, ?, ?, ?, ?, ?, ?, ?) RETURNING description, api_rpm, api_rph, is_demo, is_public, is_universal, created_at, updated_at, use_icon_as_answer_icon]
E       [parameters: ('97d663cf-ed90-4d5c-a1fe-398c984afdf3', '7891e1a9-8516-4f8b-ab8f-1e1bd73beb48', 'Scope completion', 'completion', None, None, None, None, None, 'normal', 1, None, None, None, None, None, None)]
E       (Background on this error at: https://sqlalche.me/e/20/gkpj)

/private/tmp/dify-m02-python-complete/lib/python3.12/site-packages/sqlalchemy/engine/default.py:952: IntegrityError
_ ERROR at setup of test_cross_app_scope_rejected_before_database_or_enterprise_dispatch[True-query-pair1] _

self = <sqlalchemy.engine.base.Connection object at 0x12edba3f0>
dialect = <sqlalchemy.dialects.sqlite.pysqlite.SQLiteDialect_pysqlite object at 0x12ec5cd70>
context = <sqlalchemy.dialects.sqlite.base.SQLiteExecutionContext object at 0x12e706ed0>
statement = <sqlalchemy.dialects.sqlite.base.SQLiteCompiler object at 0x12edbb3e0>
parameters = [('0c037784-c9dc-4bee-afb1-e0ea9b0b1dab', '49558a54-19ac-4651-aa24-8f9dfae88907', 'Scope completion', 'completion', None, None, ...)]

    def _exec_single_context(
        self,
        dialect: Dialect,
        context: ExecutionContext,
        statement: Union[str, Compiled],
        parameters: Optional[_AnyMultiExecuteParams],
    ) -> CursorResult[Any]:
        """continue the _execute_context() method for a single DBAPI
        cursor.execute() or cursor.executemany() call.
    
        """
        if dialect.bind_typing is BindTyping.SETINPUTSIZES:
            generic_setinputsizes = context._prepare_set_input_sizes()
    
            if generic_setinputsizes:
                try:
                    dialect.do_set_input_sizes(
                        context.cursor, generic_setinputsizes, context
                    )
                except BaseException as e:
                    self._handle_dbapi_exception(
                        e, str(statement), parameters, None, context
                    )
    
        cursor, str_statement, parameters = (
            context.cursor,
            context.statement,
            context.parameters,
        )
    
        effective_parameters: Optional[_AnyExecuteParams]
    
        if not context.executemany:
            effective_parameters = parameters[0]
        else:
            effective_parameters = parameters
    
        if self._has_events or self.engine._has_events:
            for fn in self.dispatch.before_cursor_execute:
                str_statement, effective_parameters = fn(
                    self,
                    cursor,
                    str_statement,
                    effective_parameters,
                    context,
                    context.executemany,
                )
    
        if self._echo:
            self._log_info(str_statement)
    
            stats = context._get_cache_stats()
    
            if not self.engine.hide_parameters:
                self._log_info(
                    "[%s] %r",
                    stats,
                    sql_util._repr_params(
                        effective_parameters,
                        batches=10,
                        ismulti=context.executemany,
                    ),
                )
            else:
                self._log_info(
                    "[%s] [SQL parameters hidden due to hide_parameters=True]",
                    stats,
                )
    
        evt_handled: bool = False
        try:
            if context.execute_style is ExecuteStyle.EXECUTEMANY:
                effective_parameters = cast(
                    "_CoreMultiExecuteParams", effective_parameters
                )
                if self.dialect._has_events:
                    for fn in self.dialect.dispatch.do_executemany:
                        if fn(
                            cursor,
                            str_statement,
                            effective_parameters,
                            context,
                        ):
                            evt_handled = True
                            break
                if not evt_handled:
                    self.dialect.do_executemany(
                        cursor,
                        str_statement,
                        effective_parameters,
                        context,
                    )
            elif not effective_parameters and context.no_parameters:
                if self.dialect._has_events:
                    for fn in self.dialect.dispatch.do_execute_no_params:
                        if fn(cursor, str_statement, context):
                            evt_handled = True
                            break
                if not evt_handled:
                    self.dialect.do_execute_no_params(
                        cursor, str_statement, context
                    )
            else:
                effective_parameters = cast(
                    "_CoreSingleExecuteParams", effective_parameters
                )
                if self.dialect._has_events:
                    for fn in self.dialect.dispatch.do_execute:
                        if fn(
                            cursor,
                            str_statement,
                            effective_parameters,
                            context,
                        ):
                            evt_handled = True
                            break
                if not evt_handled:
>                   self.dialect.do_execute(
                        cursor, str_statement, effective_parameters, context
                    )

/private/tmp/dify-m02-python-complete/lib/python3.12/site-packages/sqlalchemy/engine/base.py:1967: 
_ _ _ _ _ _ _ _ _ _ _ _ _ _ _ _ _ _ _ _ _ _ _ _ _ _ _ _ _ _ _ _ _ _ _ _ _ _ _ _ 

self = <sqlalchemy.dialects.sqlite.pysqlite.SQLiteDialect_pysqlite object at 0x12ec5cd70>
cursor = <sqlite3.Cursor object at 0x12d948a40>
statement = 'INSERT INTO apps (id, tenant_id, name, description, mode, icon_type, icon, icon_background, app_model_config_id, work...RNING description, api_rpm, api_rph, is_demo, is_public, is_universal, created_at, updated_at, use_icon_as_answer_icon'
parameters = ('0c037784-c9dc-4bee-afb1-e0ea9b0b1dab', '49558a54-19ac-4651-aa24-8f9dfae88907', 'Scope completion', 'completion', None, None, ...)
context = <sqlalchemy.dialects.sqlite.base.SQLiteExecutionContext object at 0x12e706ed0>

    def do_execute(self, cursor, statement, parameters, context=None):
>       cursor.execute(statement, parameters)
E       sqlite3.IntegrityError: NOT NULL constraint failed: apps.enable_api

/private/tmp/dify-m02-python-complete/lib/python3.12/site-packages/sqlalchemy/engine/default.py:952: IntegrityError

The above exception was the direct cause of the following exception:

sqlite_session = <sqlalchemy.orm.session.Session object at 0x12ec5f290>
config_overrides = <function config_overrides.<locals>.apply at 0x12d0f5120>
monkeypatch = <_pytest.monkeypatch.MonkeyPatch object at 0x12ec5ef60>

    @pytest.fixture
    def passport_apps(sqlite_session: Session, config_overrides, monkeypatch):
        config_overrides(SECRET_KEY="synthetic-webapp-scope-test-key")
        monkeypatch.setattr(wraps.SystemFeatureService, "is_webapp_auth_enabled", lambda: False)
        fixtures = []
        for mode in (AppMode.COMPLETION, AppMode.CHAT, AppMode.WORKFLOW):
            app = App(tenant_id=str(uuid4()), name=f"Scope {mode.value}", mode=mode.value, enable_site=True)
            sqlite_session.add(app)
>           sqlite_session.flush()

api/tests/unit_tests/controllers/web/test_webapp_passport_scope_extend.py:28: 
_ _ _ _ _ _ _ _ _ _ _ _ _ _ _ _ _ _ _ _ _ _ _ _ _ _ _ _ _ _ _ _ _ _ _ _ _ _ _ _ 
/private/tmp/dify-m02-python-complete/lib/python3.12/site-packages/sqlalchemy/orm/session.py:4331: in flush
    self._flush(objects)
/private/tmp/dify-m02-python-complete/lib/python3.12/site-packages/sqlalchemy/orm/session.py:4466: in _flush
    with util.safe_reraise():
         ^^^^^^^^^^^^^^^^^^^
/private/tmp/dify-m02-python-complete/lib/python3.12/site-packages/sqlalchemy/util/langhelpers.py:121: in __exit__
    raise exc_value.with_traceback(exc_tb)
/private/tmp/dify-m02-python-complete/lib/python3.12/site-packages/sqlalchemy/orm/session.py:4427: in _flush
    flush_context.execute()
/private/tmp/dify-m02-python-complete/lib/python3.12/site-packages/sqlalchemy/orm/unitofwork.py:466: in execute
    rec.execute(self)
/private/tmp/dify-m02-python-complete/lib/python3.12/site-packages/sqlalchemy/orm/unitofwork.py:642: in execute
    util.preloaded.orm_persistence.save_obj(
/private/tmp/dify-m02-python-complete/lib/python3.12/site-packages/sqlalchemy/orm/persistence.py:93: in save_obj
    _emit_insert_statements(
/private/tmp/dify-m02-python-complete/lib/python3.12/site-packages/sqlalchemy/orm/persistence.py:1233: in _emit_insert_statements
    result = connection.execute(
/private/tmp/dify-m02-python-complete/lib/python3.12/site-packages/sqlalchemy/engine/base.py:1419: in execute
    return meth(
/private/tmp/dify-m02-python-complete/lib/python3.12/site-packages/sqlalchemy/sql/elements.py:527: in _execute_on_connection
    return connection._execute_clauseelement(
/private/tmp/dify-m02-python-complete/lib/python3.12/site-packages/sqlalchemy/engine/base.py:1641: in _execute_clauseelement
    ret = self._execute_context(
/private/tmp/dify-m02-python-complete/lib/python3.12/site-packages/sqlalchemy/engine/base.py:1846: in _execute_context
    return self._exec_single_context(
/private/tmp/dify-m02-python-complete/lib/python3.12/site-packages/sqlalchemy/engine/base.py:1986: in _exec_single_context
    self._handle_dbapi_exception(
/private/tmp/dify-m02-python-complete/lib/python3.12/site-packages/sqlalchemy/engine/base.py:2363: in _handle_dbapi_exception
    raise sqlalchemy_exception.with_traceback(exc_info[2]) from e
/private/tmp/dify-m02-python-complete/lib/python3.12/site-packages/sqlalchemy/engine/base.py:1967: in _exec_single_context
    self.dialect.do_execute(
_ _ _ _ _ _ _ _ _ _ _ _ _ _ _ _ _ _ _ _ _ _ _ _ _ _ _ _ _ _ _ _ _ _ _ _ _ _ _ _ 

self = <sqlalchemy.dialects.sqlite.pysqlite.SQLiteDialect_pysqlite object at 0x12ec5cd70>
cursor = <sqlite3.Cursor object at 0x12d948a40>
statement = 'INSERT INTO apps (id, tenant_id, name, description, mode, icon_type, icon, icon_background, app_model_config_id, work...RNING description, api_rpm, api_rph, is_demo, is_public, is_universal, created_at, updated_at, use_icon_as_answer_icon'
parameters = ('0c037784-c9dc-4bee-afb1-e0ea9b0b1dab', '49558a54-19ac-4651-aa24-8f9dfae88907', 'Scope completion', 'completion', None, None, ...)
context = <sqlalchemy.dialects.sqlite.base.SQLiteExecutionContext object at 0x12e706ed0>

    def do_execute(self, cursor, statement, parameters, context=None):
>       cursor.execute(statement, parameters)
E       sqlalchemy.exc.IntegrityError: (sqlite3.IntegrityError) NOT NULL constraint failed: apps.enable_api
E       [SQL: INSERT INTO apps (id, tenant_id, name, description, mode, icon_type, icon, icon_background, app_model_config_id, workflow_id, status, enable_site, enable_api, max_active_requests, tracing, created_by, maintainer, updated_by) VALUES (?, ?, ?, '', ?, ?, ?, ?, ?, ?, ?, ?, ?, ?, ?, ?, ?, ?) RETURNING description, api_rpm, api_rph, is_demo, is_public, is_universal, created_at, updated_at, use_icon_as_answer_icon]
E       [parameters: ('0c037784-c9dc-4bee-afb1-e0ea9b0b1dab', '49558a54-19ac-4651-aa24-8f9dfae88907', 'Scope completion', 'completion', None, None, None, None, None, 'normal', 1, None, None, None, None, None, None)]
E       (Background on this error at: https://sqlalche.me/e/20/gkpj)

/private/tmp/dify-m02-python-complete/lib/python3.12/site-packages/sqlalchemy/engine/default.py:952: IntegrityError
_ ERROR at setup of test_cross_app_scope_rejected_before_database_or_enterprise_dispatch[True-conflicting_header_and_query-pair0] _

self = <sqlalchemy.engine.base.Connection object at 0x12d98faa0>
dialect = <sqlalchemy.dialects.sqlite.pysqlite.SQLiteDialect_pysqlite object at 0x12d98fe90>
context = <sqlalchemy.dialects.sqlite.base.SQLiteExecutionContext object at 0x12d98cb90>
statement = <sqlalchemy.dialects.sqlite.base.SQLiteCompiler object at 0x12d98c680>
parameters = [('e5c18dd0-bf1e-4622-8415-6a9525b29db7', '1560b7b4-55ab-49fc-8a8a-ce25a034b50a', 'Scope completion', 'completion', None, None, ...)]

    def _exec_single_context(
        self,
        dialect: Dialect,
        context: ExecutionContext,
        statement: Union[str, Compiled],
        parameters: Optional[_AnyMultiExecuteParams],
    ) -> CursorResult[Any]:
        """continue the _execute_context() method for a single DBAPI
        cursor.execute() or cursor.executemany() call.
    
        """
        if dialect.bind_typing is BindTyping.SETINPUTSIZES:
            generic_setinputsizes = context._prepare_set_input_sizes()
    
            if generic_setinputsizes:
                try:
                    dialect.do_set_input_sizes(
                        context.cursor, generic_setinputsizes, context
                    )
                except BaseException as e:
                    self._handle_dbapi_exception(
                        e, str(statement), parameters, None, context
                    )
    
        cursor, str_statement, parameters = (
            context.cursor,
            context.statement,
            context.parameters,
        )
    
        effective_parameters: Optional[_AnyExecuteParams]
    
        if not context.executemany:
            effective_parameters = parameters[0]
        else:
            effective_parameters = parameters
    
        if self._has_events or self.engine._has_events:
            for fn in self.dispatch.before_cursor_execute:
                str_statement, effective_parameters = fn(
                    self,
                    cursor,
                    str_statement,
                    effective_parameters,
                    context,
                    context.executemany,
                )
    
        if self._echo:
            self._log_info(str_statement)
    
            stats = context._get_cache_stats()
    
            if not self.engine.hide_parameters:
                self._log_info(
                    "[%s] %r",
                    stats,
                    sql_util._repr_params(
                        effective_parameters,
                        batches=10,
                        ismulti=context.executemany,
                    ),
                )
            else:
                self._log_info(
                    "[%s] [SQL parameters hidden due to hide_parameters=True]",
                    stats,
                )
    
        evt_handled: bool = False
        try:
            if context.execute_style is ExecuteStyle.EXECUTEMANY:
                effective_parameters = cast(
                    "_CoreMultiExecuteParams", effective_parameters
                )
                if self.dialect._has_events:
                    for fn in self.dialect.dispatch.do_executemany:
                        if fn(
                            cursor,
                            str_statement,
                            effective_parameters,
                            context,
                        ):
                            evt_handled = True
                            break
                if not evt_handled:
                    self.dialect.do_executemany(
                        cursor,
                        str_statement,
                        effective_parameters,
                        context,
                    )
            elif not effective_parameters and context.no_parameters:
                if self.dialect._has_events:
                    for fn in self.dialect.dispatch.do_execute_no_params:
                        if fn(cursor, str_statement, context):
                            evt_handled = True
                            break
                if not evt_handled:
                    self.dialect.do_execute_no_params(
                        cursor, str_statement, context
                    )
            else:
                effective_parameters = cast(
                    "_CoreSingleExecuteParams", effective_parameters
                )
                if self.dialect._has_events:
                    for fn in self.dialect.dispatch.do_execute:
                        if fn(
                            cursor,
                            str_statement,
                            effective_parameters,
                            context,
                        ):
                            evt_handled = True
                            break
                if not evt_handled:
>                   self.dialect.do_execute(
                        cursor, str_statement, effective_parameters, context
                    )

/private/tmp/dify-m02-python-complete/lib/python3.12/site-packages/sqlalchemy/engine/base.py:1967: 
_ _ _ _ _ _ _ _ _ _ _ _ _ _ _ _ _ _ _ _ _ _ _ _ _ _ _ _ _ _ _ _ _ _ _ _ _ _ _ _ 

self = <sqlalchemy.dialects.sqlite.pysqlite.SQLiteDialect_pysqlite object at 0x12d98fe90>
cursor = <sqlite3.Cursor object at 0x12ceca8c0>
statement = 'INSERT INTO apps (id, tenant_id, name, description, mode, icon_type, icon, icon_background, app_model_config_id, work...RNING description, api_rpm, api_rph, is_demo, is_public, is_universal, created_at, updated_at, use_icon_as_answer_icon'
parameters = ('e5c18dd0-bf1e-4622-8415-6a9525b29db7', '1560b7b4-55ab-49fc-8a8a-ce25a034b50a', 'Scope completion', 'completion', None, None, ...)
context = <sqlalchemy.dialects.sqlite.base.SQLiteExecutionContext object at 0x12d98cb90>

    def do_execute(self, cursor, statement, parameters, context=None):
>       cursor.execute(statement, parameters)
E       sqlite3.IntegrityError: NOT NULL constraint failed: apps.enable_api

/private/tmp/dify-m02-python-complete/lib/python3.12/site-packages/sqlalchemy/engine/default.py:952: IntegrityError

The above exception was the direct cause of the following exception:

sqlite_session = <sqlalchemy.orm.session.Session object at 0x12d98e780>
config_overrides = <function config_overrides.<locals>.apply at 0x12edb4400>
monkeypatch = <_pytest.monkeypatch.MonkeyPatch object at 0x12d98e3f0>

    @pytest.fixture
    def passport_apps(sqlite_session: Session, config_overrides, monkeypatch):
        config_overrides(SECRET_KEY="synthetic-webapp-scope-test-key")
        monkeypatch.setattr(wraps.SystemFeatureService, "is_webapp_auth_enabled", lambda: False)
        fixtures = []
        for mode in (AppMode.COMPLETION, AppMode.CHAT, AppMode.WORKFLOW):
            app = App(tenant_id=str(uuid4()), name=f"Scope {mode.value}", mode=mode.value, enable_site=True)
            sqlite_session.add(app)
>           sqlite_session.flush()

api/tests/unit_tests/controllers/web/test_webapp_passport_scope_extend.py:28: 
_ _ _ _ _ _ _ _ _ _ _ _ _ _ _ _ _ _ _ _ _ _ _ _ _ _ _ _ _ _ _ _ _ _ _ _ _ _ _ _ 
/private/tmp/dify-m02-python-complete/lib/python3.12/site-packages/sqlalchemy/orm/session.py:4331: in flush
    self._flush(objects)
/private/tmp/dify-m02-python-complete/lib/python3.12/site-packages/sqlalchemy/orm/session.py:4466: in _flush
    with util.safe_reraise():
         ^^^^^^^^^^^^^^^^^^^
/private/tmp/dify-m02-python-complete/lib/python3.12/site-packages/sqlalchemy/util/langhelpers.py:121: in __exit__
    raise exc_value.with_traceback(exc_tb)
/private/tmp/dify-m02-python-complete/lib/python3.12/site-packages/sqlalchemy/orm/session.py:4427: in _flush
    flush_context.execute()
/private/tmp/dify-m02-python-complete/lib/python3.12/site-packages/sqlalchemy/orm/unitofwork.py:466: in execute
    rec.execute(self)
/private/tmp/dify-m02-python-complete/lib/python3.12/site-packages/sqlalchemy/orm/unitofwork.py:642: in execute
    util.preloaded.orm_persistence.save_obj(
/private/tmp/dify-m02-python-complete/lib/python3.12/site-packages/sqlalchemy/orm/persistence.py:93: in save_obj
    _emit_insert_statements(
/private/tmp/dify-m02-python-complete/lib/python3.12/site-packages/sqlalchemy/orm/persistence.py:1233: in _emit_insert_statements
    result = connection.execute(
/private/tmp/dify-m02-python-complete/lib/python3.12/site-packages/sqlalchemy/engine/base.py:1419: in execute
    return meth(
/private/tmp/dify-m02-python-complete/lib/python3.12/site-packages/sqlalchemy/sql/elements.py:527: in _execute_on_connection
    return connection._execute_clauseelement(
/private/tmp/dify-m02-python-complete/lib/python3.12/site-packages/sqlalchemy/engine/base.py:1641: in _execute_clauseelement
    ret = self._execute_context(
/private/tmp/dify-m02-python-complete/lib/python3.12/site-packages/sqlalchemy/engine/base.py:1846: in _execute_context
    return self._exec_single_context(
/private/tmp/dify-m02-python-complete/lib/python3.12/site-packages/sqlalchemy/engine/base.py:1986: in _exec_single_context
    self._handle_dbapi_exception(
/private/tmp/dify-m02-python-complete/lib/python3.12/site-packages/sqlalchemy/engine/base.py:2363: in _handle_dbapi_exception
    raise sqlalchemy_exception.with_traceback(exc_info[2]) from e
/private/tmp/dify-m02-python-complete/lib/python3.12/site-packages/sqlalchemy/engine/base.py:1967: in _exec_single_context
    self.dialect.do_execute(
_ _ _ _ _ _ _ _ _ _ _ _ _ _ _ _ _ _ _ _ _ _ _ _ _ _ _ _ _ _ _ _ _ _ _ _ _ _ _ _ 

self = <sqlalchemy.dialects.sqlite.pysqlite.SQLiteDialect_pysqlite object at 0x12d98fe90>
cursor = <sqlite3.Cursor object at 0x12ceca8c0>
statement = 'INSERT INTO apps (id, tenant_id, name, description, mode, icon_type, icon, icon_background, app_model_config_id, work...RNING description, api_rpm, api_rph, is_demo, is_public, is_universal, created_at, updated_at, use_icon_as_answer_icon'
parameters = ('e5c18dd0-bf1e-4622-8415-6a9525b29db7', '1560b7b4-55ab-49fc-8a8a-ce25a034b50a', 'Scope completion', 'completion', None, None, ...)
context = <sqlalchemy.dialects.sqlite.base.SQLiteExecutionContext object at 0x12d98cb90>

    def do_execute(self, cursor, statement, parameters, context=None):
>       cursor.execute(statement, parameters)
E       sqlalchemy.exc.IntegrityError: (sqlite3.IntegrityError) NOT NULL constraint failed: apps.enable_api
E       [SQL: INSERT INTO apps (id, tenant_id, name, description, mode, icon_type, icon, icon_background, app_model_config_id, workflow_id, status, enable_site, enable_api, max_active_requests, tracing, created_by, maintainer, updated_by) VALUES (?, ?, ?, '', ?, ?, ?, ?, ?, ?, ?, ?, ?, ?, ?, ?, ?, ?) RETURNING description, api_rpm, api_rph, is_demo, is_public, is_universal, created_at, updated_at, use_icon_as_answer_icon]
E       [parameters: ('e5c18dd0-bf1e-4622-8415-6a9525b29db7', '1560b7b4-55ab-49fc-8a8a-ce25a034b50a', 'Scope completion', 'completion', None, None, None, None, None, 'normal', 1, None, None, None, None, None, None)]
E       (Background on this error at: https://sqlalche.me/e/20/gkpj)

/private/tmp/dify-m02-python-complete/lib/python3.12/site-packages/sqlalchemy/engine/default.py:952: IntegrityError
_ ERROR at setup of test_cross_app_scope_rejected_before_database_or_enterprise_dispatch[True-conflicting_header_and_query-pair1] _

self = <sqlalchemy.engine.base.Connection object at 0x12eee8620>
dialect = <sqlalchemy.dialects.sqlite.pysqlite.SQLiteDialect_pysqlite object at 0x12eee9d90>
context = <sqlalchemy.dialects.sqlite.base.SQLiteExecutionContext object at 0x12eee91c0>
statement = <sqlalchemy.dialects.sqlite.base.SQLiteCompiler object at 0x12eee8cb0>
parameters = [('ba9770d3-03af-4bd3-884b-75a34072da4b', '00314c57-9f17-4624-aa2e-451a7172982e', 'Scope completion', 'completion', None, None, ...)]

    def _exec_single_context(
        self,
        dialect: Dialect,
        context: ExecutionContext,
        statement: Union[str, Compiled],
        parameters: Optional[_AnyMultiExecuteParams],
    ) -> CursorResult[Any]:
        """continue the _execute_context() method for a single DBAPI
        cursor.execute() or cursor.executemany() call.
    
        """
        if dialect.bind_typing is BindTyping.SETINPUTSIZES:
            generic_setinputsizes = context._prepare_set_input_sizes()
    
            if generic_setinputsizes:
                try:
                    dialect.do_set_input_sizes(
                        context.cursor, generic_setinputsizes, context
                    )
                except BaseException as e:
                    self._handle_dbapi_exception(
                        e, str(statement), parameters, None, context
                    )
    
        cursor, str_statement, parameters = (
            context.cursor,
            context.statement,
            context.parameters,
        )
    
        effective_parameters: Optional[_AnyExecuteParams]
    
        if not context.executemany:
            effective_parameters = parameters[0]
        else:
            effective_parameters = parameters
    
        if self._has_events or self.engine._has_events:
            for fn in self.dispatch.before_cursor_execute:
                str_statement, effective_parameters = fn(
                    self,
                    cursor,
                    str_statement,
                    effective_parameters,
                    context,
                    context.executemany,
                )
    
        if self._echo:
            self._log_info(str_statement)
    
            stats = context._get_cache_stats()
    
            if not self.engine.hide_parameters:
                self._log_info(
                    "[%s] %r",
                    stats,
                    sql_util._repr_params(
                        effective_parameters,
                        batches=10,
                        ismulti=context.executemany,
                    ),
                )
            else:
                self._log_info(
                    "[%s] [SQL parameters hidden due to hide_parameters=True]",
                    stats,
                )
    
        evt_handled: bool = False
        try:
            if context.execute_style is ExecuteStyle.EXECUTEMANY:
                effective_parameters = cast(
                    "_CoreMultiExecuteParams", effective_parameters
                )
                if self.dialect._has_events:
                    for fn in self.dialect.dispatch.do_executemany:
                        if fn(
                            cursor,
                            str_statement,
                            effective_parameters,
                            context,
                        ):
                            evt_handled = True
                            break
                if not evt_handled:
                    self.dialect.do_executemany(
                        cursor,
                        str_statement,
                        effective_parameters,
                        context,
                    )
            elif not effective_parameters and context.no_parameters:
                if self.dialect._has_events:
                    for fn in self.dialect.dispatch.do_execute_no_params:
                        if fn(cursor, str_statement, context):
                            evt_handled = True
                            break
                if not evt_handled:
                    self.dialect.do_execute_no_params(
                        cursor, str_statement, context
                    )
            else:
                effective_parameters = cast(
                    "_CoreSingleExecuteParams", effective_parameters
                )
                if self.dialect._has_events:
                    for fn in self.dialect.dispatch.do_execute:
                        if fn(
                            cursor,
                            str_statement,
                            effective_parameters,
                            context,
                        ):
                            evt_handled = True
                            break
                if not evt_handled:
>                   self.dialect.do_execute(
                        cursor, str_statement, effective_parameters, context
                    )

/private/tmp/dify-m02-python-complete/lib/python3.12/site-packages/sqlalchemy/engine/base.py:1967: 
_ _ _ _ _ _ _ _ _ _ _ _ _ _ _ _ _ _ _ _ _ _ _ _ _ _ _ _ _ _ _ _ _ _ _ _ _ _ _ _ 

self = <sqlalchemy.dialects.sqlite.pysqlite.SQLiteDialect_pysqlite object at 0x12eee9d90>
cursor = <sqlite3.Cursor object at 0x12d8e9dc0>
statement = 'INSERT INTO apps (id, tenant_id, name, description, mode, icon_type, icon, icon_background, app_model_config_id, work...RNING description, api_rpm, api_rph, is_demo, is_public, is_universal, created_at, updated_at, use_icon_as_answer_icon'
parameters = ('ba9770d3-03af-4bd3-884b-75a34072da4b', '00314c57-9f17-4624-aa2e-451a7172982e', 'Scope completion', 'completion', None, None, ...)
context = <sqlalchemy.dialects.sqlite.base.SQLiteExecutionContext object at 0x12eee91c0>

    def do_execute(self, cursor, statement, parameters, context=None):
>       cursor.execute(statement, parameters)
E       sqlite3.IntegrityError: NOT NULL constraint failed: apps.enable_api

/private/tmp/dify-m02-python-complete/lib/python3.12/site-packages/sqlalchemy/engine/default.py:952: IntegrityError

The above exception was the direct cause of the following exception:

sqlite_session = <sqlalchemy.orm.session.Session object at 0x12eee82c0>
config_overrides = <function config_overrides.<locals>.apply at 0x1302c3880>
monkeypatch = <_pytest.monkeypatch.MonkeyPatch object at 0x12eeea060>

    @pytest.fixture
    def passport_apps(sqlite_session: Session, config_overrides, monkeypatch):
        config_overrides(SECRET_KEY="synthetic-webapp-scope-test-key")
        monkeypatch.setattr(wraps.SystemFeatureService, "is_webapp_auth_enabled", lambda: False)
        fixtures = []
        for mode in (AppMode.COMPLETION, AppMode.CHAT, AppMode.WORKFLOW):
            app = App(tenant_id=str(uuid4()), name=f"Scope {mode.value}", mode=mode.value, enable_site=True)
            sqlite_session.add(app)
>           sqlite_session.flush()

api/tests/unit_tests/controllers/web/test_webapp_passport_scope_extend.py:28: 
_ _ _ _ _ _ _ _ _ _ _ _ _ _ _ _ _ _ _ _ _ _ _ _ _ _ _ _ _ _ _ _ _ _ _ _ _ _ _ _ 
/private/tmp/dify-m02-python-complete/lib/python3.12/site-packages/sqlalchemy/orm/session.py:4331: in flush
    self._flush(objects)
/private/tmp/dify-m02-python-complete/lib/python3.12/site-packages/sqlalchemy/orm/session.py:4466: in _flush
    with util.safe_reraise():
         ^^^^^^^^^^^^^^^^^^^
/private/tmp/dify-m02-python-complete/lib/python3.12/site-packages/sqlalchemy/util/langhelpers.py:121: in __exit__
    raise exc_value.with_traceback(exc_tb)
/private/tmp/dify-m02-python-complete/lib/python3.12/site-packages/sqlalchemy/orm/session.py:4427: in _flush
    flush_context.execute()
/private/tmp/dify-m02-python-complete/lib/python3.12/site-packages/sqlalchemy/orm/unitofwork.py:466: in execute
    rec.execute(self)
/private/tmp/dify-m02-python-complete/lib/python3.12/site-packages/sqlalchemy/orm/unitofwork.py:642: in execute
    util.preloaded.orm_persistence.save_obj(
/private/tmp/dify-m02-python-complete/lib/python3.12/site-packages/sqlalchemy/orm/persistence.py:93: in save_obj
    _emit_insert_statements(
/private/tmp/dify-m02-python-complete/lib/python3.12/site-packages/sqlalchemy/orm/persistence.py:1233: in _emit_insert_statements
    result = connection.execute(
/private/tmp/dify-m02-python-complete/lib/python3.12/site-packages/sqlalchemy/engine/base.py:1419: in execute
    return meth(
/private/tmp/dify-m02-python-complete/lib/python3.12/site-packages/sqlalchemy/sql/elements.py:527: in _execute_on_connection
    return connection._execute_clauseelement(
/private/tmp/dify-m02-python-complete/lib/python3.12/site-packages/sqlalchemy/engine/base.py:1641: in _execute_clauseelement
    ret = self._execute_context(
/private/tmp/dify-m02-python-complete/lib/python3.12/site-packages/sqlalchemy/engine/base.py:1846: in _execute_context
    return self._exec_single_context(
/private/tmp/dify-m02-python-complete/lib/python3.12/site-packages/sqlalchemy/engine/base.py:1986: in _exec_single_context
    self._handle_dbapi_exception(
/private/tmp/dify-m02-python-complete/lib/python3.12/site-packages/sqlalchemy/engine/base.py:2363: in _handle_dbapi_exception
    raise sqlalchemy_exception.with_traceback(exc_info[2]) from e
/private/tmp/dify-m02-python-complete/lib/python3.12/site-packages/sqlalchemy/engine/base.py:1967: in _exec_single_context
    self.dialect.do_execute(
_ _ _ _ _ _ _ _ _ _ _ _ _ _ _ _ _ _ _ _ _ _ _ _ _ _ _ _ _ _ _ _ _ _ _ _ _ _ _ _ 

self = <sqlalchemy.dialects.sqlite.pysqlite.SQLiteDialect_pysqlite object at 0x12eee9d90>
cursor = <sqlite3.Cursor object at 0x12d8e9dc0>
statement = 'INSERT INTO apps (id, tenant_id, name, description, mode, icon_type, icon, icon_background, app_model_config_id, work...RNING description, api_rpm, api_rph, is_demo, is_public, is_universal, created_at, updated_at, use_icon_as_answer_icon'
parameters = ('ba9770d3-03af-4bd3-884b-75a34072da4b', '00314c57-9f17-4624-aa2e-451a7172982e', 'Scope completion', 'completion', None, None, ...)
context = <sqlalchemy.dialects.sqlite.base.SQLiteExecutionContext object at 0x12eee91c0>

    def do_execute(self, cursor, statement, parameters, context=None):
>       cursor.execute(statement, parameters)
E       sqlalchemy.exc.IntegrityError: (sqlite3.IntegrityError) NOT NULL constraint failed: apps.enable_api
E       [SQL: INSERT INTO apps (id, tenant_id, name, description, mode, icon_type, icon, icon_background, app_model_config_id, workflow_id, status, enable_site, enable_api, max_active_requests, tracing, created_by, maintainer, updated_by) VALUES (?, ?, ?, '', ?, ?, ?, ?, ?, ?, ?, ?, ?, ?, ?, ?, ?, ?) RETURNING description, api_rpm, api_rph, is_demo, is_public, is_universal, created_at, updated_at, use_icon_as_answer_icon]
E       [parameters: ('ba9770d3-03af-4bd3-884b-75a34072da4b', '00314c57-9f17-4624-aa2e-451a7172982e', 'Scope completion', 'completion', None, None, None, None, None, 'normal', 1, None, None, None, None, None, None)]
E       (Background on this error at: https://sqlalche.me/e/20/gkpj)

/private/tmp/dify-m02-python-complete/lib/python3.12/site-packages/sqlalchemy/engine/default.py:952: IntegrityError
_ ERROR at setup of test_missing_and_wrong_signature_passports_remain_unauthorized[missing] _

self = <sqlalchemy.engine.base.Connection object at 0x12eeeb3e0>
dialect = <sqlalchemy.dialects.sqlite.pysqlite.SQLiteDialect_pysqlite object at 0x12eee9dc0>
context = <sqlalchemy.dialects.sqlite.base.SQLiteExecutionContext object at 0x12eeebef0>
statement = <sqlalchemy.dialects.sqlite.base.SQLiteCompiler object at 0x12eeeb920>
parameters = [('95e39e66-2013-420d-b501-bb7998dd4ceb', 'e26e8a4f-42ac-41f2-a71a-50037449a121', 'Scope completion', 'completion', None, None, ...)]

    def _exec_single_context(
        self,
        dialect: Dialect,
        context: ExecutionContext,
        statement: Union[str, Compiled],
        parameters: Optional[_AnyMultiExecuteParams],
    ) -> CursorResult[Any]:
        """continue the _execute_context() method for a single DBAPI
        cursor.execute() or cursor.executemany() call.
    
        """
        if dialect.bind_typing is BindTyping.SETINPUTSIZES:
            generic_setinputsizes = context._prepare_set_input_sizes()
    
            if generic_setinputsizes:
                try:
                    dialect.do_set_input_sizes(
                        context.cursor, generic_setinputsizes, context
                    )
                except BaseException as e:
                    self._handle_dbapi_exception(
                        e, str(statement), parameters, None, context
                    )
    
        cursor, str_statement, parameters = (
            context.cursor,
            context.statement,
            context.parameters,
        )
    
        effective_parameters: Optional[_AnyExecuteParams]
    
        if not context.executemany:
            effective_parameters = parameters[0]
        else:
            effective_parameters = parameters
    
        if self._has_events or self.engine._has_events:
            for fn in self.dispatch.before_cursor_execute:
                str_statement, effective_parameters = fn(
                    self,
                    cursor,
                    str_statement,
                    effective_parameters,
                    context,
                    context.executemany,
                )
    
        if self._echo:
            self._log_info(str_statement)
    
            stats = context._get_cache_stats()
    
            if not self.engine.hide_parameters:
                self._log_info(
                    "[%s] %r",
                    stats,
                    sql_util._repr_params(
                        effective_parameters,
                        batches=10,
                        ismulti=context.executemany,
                    ),
                )
            else:
                self._log_info(
                    "[%s] [SQL parameters hidden due to hide_parameters=True]",
                    stats,
                )
    
        evt_handled: bool = False
        try:
            if context.execute_style is ExecuteStyle.EXECUTEMANY:
                effective_parameters = cast(
                    "_CoreMultiExecuteParams", effective_parameters
                )
                if self.dialect._has_events:
                    for fn in self.dialect.dispatch.do_executemany:
                        if fn(
                            cursor,
                            str_statement,
                            effective_parameters,
                            context,
                        ):
                            evt_handled = True
                            break
                if not evt_handled:
                    self.dialect.do_executemany(
                        cursor,
                        str_statement,
                        effective_parameters,
                        context,
                    )
            elif not effective_parameters and context.no_parameters:
                if self.dialect._has_events:
                    for fn in self.dialect.dispatch.do_execute_no_params:
                        if fn(cursor, str_statement, context):
                            evt_handled = True
                            break
                if not evt_handled:
                    self.dialect.do_execute_no_params(
                        cursor, str_statement, context
                    )
            else:
                effective_parameters = cast(
                    "_CoreSingleExecuteParams", effective_parameters
                )
                if self.dialect._has_events:
                    for fn in self.dialect.dispatch.do_execute:
                        if fn(
                            cursor,
                            str_statement,
                            effective_parameters,
                            context,
                        ):
                            evt_handled = True
                            break
                if not evt_handled:
>                   self.dialect.do_execute(
                        cursor, str_statement, effective_parameters, context
                    )

/private/tmp/dify-m02-python-complete/lib/python3.12/site-packages/sqlalchemy/engine/base.py:1967: 
_ _ _ _ _ _ _ _ _ _ _ _ _ _ _ _ _ _ _ _ _ _ _ _ _ _ _ _ _ _ _ _ _ _ _ _ _ _ _ _ 

self = <sqlalchemy.dialects.sqlite.pysqlite.SQLiteDialect_pysqlite object at 0x12eee9dc0>
cursor = <sqlite3.Cursor object at 0x12fa7b040>
statement = 'INSERT INTO apps (id, tenant_id, name, description, mode, icon_type, icon, icon_background, app_model_config_id, work...RNING description, api_rpm, api_rph, is_demo, is_public, is_universal, created_at, updated_at, use_icon_as_answer_icon'
parameters = ('95e39e66-2013-420d-b501-bb7998dd4ceb', 'e26e8a4f-42ac-41f2-a71a-50037449a121', 'Scope completion', 'completion', None, None, ...)
context = <sqlalchemy.dialects.sqlite.base.SQLiteExecutionContext object at 0x12eeebef0>

    def do_execute(self, cursor, statement, parameters, context=None):
>       cursor.execute(statement, parameters)
E       sqlite3.IntegrityError: NOT NULL constraint failed: apps.enable_api

/private/tmp/dify-m02-python-complete/lib/python3.12/site-packages/sqlalchemy/engine/default.py:952: IntegrityError

The above exception was the direct cause of the following exception:

sqlite_session = <sqlalchemy.orm.session.Session object at 0x12eeeade0>
config_overrides = <function config_overrides.<locals>.apply at 0x12edb49a0>
monkeypatch = <_pytest.monkeypatch.MonkeyPatch object at 0x12eeeaff0>

    @pytest.fixture
    def passport_apps(sqlite_session: Session, config_overrides, monkeypatch):
        config_overrides(SECRET_KEY="synthetic-webapp-scope-test-key")
        monkeypatch.setattr(wraps.SystemFeatureService, "is_webapp_auth_enabled", lambda: False)
        fixtures = []
        for mode in (AppMode.COMPLETION, AppMode.CHAT, AppMode.WORKFLOW):
            app = App(tenant_id=str(uuid4()), name=f"Scope {mode.value}", mode=mode.value, enable_site=True)
            sqlite_session.add(app)
>           sqlite_session.flush()

api/tests/unit_tests/controllers/web/test_webapp_passport_scope_extend.py:28: 
_ _ _ _ _ _ _ _ _ _ _ _ _ _ _ _ _ _ _ _ _ _ _ _ _ _ _ _ _ _ _ _ _ _ _ _ _ _ _ _ 
/private/tmp/dify-m02-python-complete/lib/python3.12/site-packages/sqlalchemy/orm/session.py:4331: in flush
    self._flush(objects)
/private/tmp/dify-m02-python-complete/lib/python3.12/site-packages/sqlalchemy/orm/session.py:4466: in _flush
    with util.safe_reraise():
         ^^^^^^^^^^^^^^^^^^^
/private/tmp/dify-m02-python-complete/lib/python3.12/site-packages/sqlalchemy/util/langhelpers.py:121: in __exit__
    raise exc_value.with_traceback(exc_tb)
/private/tmp/dify-m02-python-complete/lib/python3.12/site-packages/sqlalchemy/orm/session.py:4427: in _flush
    flush_context.execute()
/private/tmp/dify-m02-python-complete/lib/python3.12/site-packages/sqlalchemy/orm/unitofwork.py:466: in execute
    rec.execute(self)
/private/tmp/dify-m02-python-complete/lib/python3.12/site-packages/sqlalchemy/orm/unitofwork.py:642: in execute
    util.preloaded.orm_persistence.save_obj(
/private/tmp/dify-m02-python-complete/lib/python3.12/site-packages/sqlalchemy/orm/persistence.py:93: in save_obj
    _emit_insert_statements(
/private/tmp/dify-m02-python-complete/lib/python3.12/site-packages/sqlalchemy/orm/persistence.py:1233: in _emit_insert_statements
    result = connection.execute(
/private/tmp/dify-m02-python-complete/lib/python3.12/site-packages/sqlalchemy/engine/base.py:1419: in execute
    return meth(
/private/tmp/dify-m02-python-complete/lib/python3.12/site-packages/sqlalchemy/sql/elements.py:527: in _execute_on_connection
    return connection._execute_clauseelement(
/private/tmp/dify-m02-python-complete/lib/python3.12/site-packages/sqlalchemy/engine/base.py:1641: in _execute_clauseelement
    ret = self._execute_context(
/private/tmp/dify-m02-python-complete/lib/python3.12/site-packages/sqlalchemy/engine/base.py:1846: in _execute_context
    return self._exec_single_context(
/private/tmp/dify-m02-python-complete/lib/python3.12/site-packages/sqlalchemy/engine/base.py:1986: in _exec_single_context
    self._handle_dbapi_exception(
/private/tmp/dify-m02-python-complete/lib/python3.12/site-packages/sqlalchemy/engine/base.py:2363: in _handle_dbapi_exception
    raise sqlalchemy_exception.with_traceback(exc_info[2]) from e
/private/tmp/dify-m02-python-complete/lib/python3.12/site-packages/sqlalchemy/engine/base.py:1967: in _exec_single_context
    self.dialect.do_execute(
_ _ _ _ _ _ _ _ _ _ _ _ _ _ _ _ _ _ _ _ _ _ _ _ _ _ _ _ _ _ _ _ _ _ _ _ _ _ _ _ 

self = <sqlalchemy.dialects.sqlite.pysqlite.SQLiteDialect_pysqlite object at 0x12eee9dc0>
cursor = <sqlite3.Cursor object at 0x12fa7b040>
statement = 'INSERT INTO apps (id, tenant_id, name, description, mode, icon_type, icon, icon_background, app_model_config_id, work...RNING description, api_rpm, api_rph, is_demo, is_public, is_universal, created_at, updated_at, use_icon_as_answer_icon'
parameters = ('95e39e66-2013-420d-b501-bb7998dd4ceb', 'e26e8a4f-42ac-41f2-a71a-50037449a121', 'Scope completion', 'completion', None, None, ...)
context = <sqlalchemy.dialects.sqlite.base.SQLiteExecutionContext object at 0x12eeebef0>

    def do_execute(self, cursor, statement, parameters, context=None):
>       cursor.execute(statement, parameters)
E       sqlalchemy.exc.IntegrityError: (sqlite3.IntegrityError) NOT NULL constraint failed: apps.enable_api
E       [SQL: INSERT INTO apps (id, tenant_id, name, description, mode, icon_type, icon, icon_background, app_model_config_id, workflow_id, status, enable_site, enable_api, max_active_requests, tracing, created_by, maintainer, updated_by) VALUES (?, ?, ?, '', ?, ?, ?, ?, ?, ?, ?, ?, ?, ?, ?, ?, ?, ?) RETURNING description, api_rpm, api_rph, is_demo, is_public, is_universal, created_at, updated_at, use_icon_as_answer_icon]
E       [parameters: ('95e39e66-2013-420d-b501-bb7998dd4ceb', 'e26e8a4f-42ac-41f2-a71a-50037449a121', 'Scope completion', 'completion', None, None, None, None, None, 'normal', 1, None, None, None, None, None, None)]
E       (Background on this error at: https://sqlalche.me/e/20/gkpj)

/private/tmp/dify-m02-python-complete/lib/python3.12/site-packages/sqlalchemy/engine/default.py:952: IntegrityError
_ ERROR at setup of test_missing_and_wrong_signature_passports_remain_unauthorized[invalid_signature] _

self = <sqlalchemy.engine.base.Connection object at 0x12ee8b080>
dialect = <sqlalchemy.dialects.sqlite.pysqlite.SQLiteDialect_pysqlite object at 0x12ee8a3f0>
context = <sqlalchemy.dialects.sqlite.base.SQLiteExecutionContext object at 0x12ee8bc20>
statement = <sqlalchemy.dialects.sqlite.base.SQLiteCompiler object at 0x12ee8b6b0>
parameters = [('a3c1ecf1-6946-4f4f-8925-57037984fcb1', '28faff62-84e6-41d5-8b1b-36b64e6659c9', 'Scope completion', 'completion', None, None, ...)]

    def _exec_single_context(
        self,
        dialect: Dialect,
        context: ExecutionContext,
        statement: Union[str, Compiled],
        parameters: Optional[_AnyMultiExecuteParams],
    ) -> CursorResult[Any]:
        """continue the _execute_context() method for a single DBAPI
        cursor.execute() or cursor.executemany() call.
    
        """
        if dialect.bind_typing is BindTyping.SETINPUTSIZES:
            generic_setinputsizes = context._prepare_set_input_sizes()
    
            if generic_setinputsizes:
                try:
                    dialect.do_set_input_sizes(
                        context.cursor, generic_setinputsizes, context
                    )
                except BaseException as e:
                    self._handle_dbapi_exception(
                        e, str(statement), parameters, None, context
                    )
    
        cursor, str_statement, parameters = (
            context.cursor,
            context.statement,
            context.parameters,
        )
    
        effective_parameters: Optional[_AnyExecuteParams]
    
        if not context.executemany:
            effective_parameters = parameters[0]
        else:
            effective_parameters = parameters
    
        if self._has_events or self.engine._has_events:
            for fn in self.dispatch.before_cursor_execute:
                str_statement, effective_parameters = fn(
                    self,
                    cursor,
                    str_statement,
                    effective_parameters,
                    context,
                    context.executemany,
                )
    
        if self._echo:
            self._log_info(str_statement)
    
            stats = context._get_cache_stats()
    
            if not self.engine.hide_parameters:
                self._log_info(
                    "[%s] %r",
                    stats,
                    sql_util._repr_params(
                        effective_parameters,
                        batches=10,
                        ismulti=context.executemany,
                    ),
                )
            else:
                self._log_info(
                    "[%s] [SQL parameters hidden due to hide_parameters=True]",
                    stats,
                )
    
        evt_handled: bool = False
        try:
            if context.execute_style is ExecuteStyle.EXECUTEMANY:
                effective_parameters = cast(
                    "_CoreMultiExecuteParams", effective_parameters
                )
                if self.dialect._has_events:
                    for fn in self.dialect.dispatch.do_executemany:
                        if fn(
                            cursor,
                            str_statement,
                            effective_parameters,
                            context,
                        ):
                            evt_handled = True
                            break
                if not evt_handled:
                    self.dialect.do_executemany(
                        cursor,
                        str_statement,
                        effective_parameters,
                        context,
                    )
            elif not effective_parameters and context.no_parameters:
                if self.dialect._has_events:
                    for fn in self.dialect.dispatch.do_execute_no_params:
                        if fn(cursor, str_statement, context):
                            evt_handled = True
                            break
                if not evt_handled:
                    self.dialect.do_execute_no_params(
                        cursor, str_statement, context
                    )
            else:
                effective_parameters = cast(
                    "_CoreSingleExecuteParams", effective_parameters
                )
                if self.dialect._has_events:
                    for fn in self.dialect.dispatch.do_execute:
                        if fn(
                            cursor,
                            str_statement,
                            effective_parameters,
                            context,
                        ):
                            evt_handled = True
                            break
                if not evt_handled:
>                   self.dialect.do_execute(
                        cursor, str_statement, effective_parameters, context
                    )

/private/tmp/dify-m02-python-complete/lib/python3.12/site-packages/sqlalchemy/engine/base.py:1967: 
_ _ _ _ _ _ _ _ _ _ _ _ _ _ _ _ _ _ _ _ _ _ _ _ _ _ _ _ _ _ _ _ _ _ _ _ _ _ _ _ 

self = <sqlalchemy.dialects.sqlite.pysqlite.SQLiteDialect_pysqlite object at 0x12ee8a3f0>
cursor = <sqlite3.Cursor object at 0x12e752140>
statement = 'INSERT INTO apps (id, tenant_id, name, description, mode, icon_type, icon, icon_background, app_model_config_id, work...RNING description, api_rpm, api_rph, is_demo, is_public, is_universal, created_at, updated_at, use_icon_as_answer_icon'
parameters = ('a3c1ecf1-6946-4f4f-8925-57037984fcb1', '28faff62-84e6-41d5-8b1b-36b64e6659c9', 'Scope completion', 'completion', None, None, ...)
context = <sqlalchemy.dialects.sqlite.base.SQLiteExecutionContext object at 0x12ee8bc20>

    def do_execute(self, cursor, statement, parameters, context=None):
>       cursor.execute(statement, parameters)
E       sqlite3.IntegrityError: NOT NULL constraint failed: apps.enable_api

/private/tmp/dify-m02-python-complete/lib/python3.12/site-packages/sqlalchemy/engine/default.py:952: IntegrityError

The above exception was the direct cause of the following exception:

sqlite_session = <sqlalchemy.orm.session.Session object at 0x12ee8ad80>
config_overrides = <function config_overrides.<locals>.apply at 0x13031f920>
monkeypatch = <_pytest.monkeypatch.MonkeyPatch object at 0x12ee8a960>

    @pytest.fixture
    def passport_apps(sqlite_session: Session, config_overrides, monkeypatch):
        config_overrides(SECRET_KEY="synthetic-webapp-scope-test-key")
        monkeypatch.setattr(wraps.SystemFeatureService, "is_webapp_auth_enabled", lambda: False)
        fixtures = []
        for mode in (AppMode.COMPLETION, AppMode.CHAT, AppMode.WORKFLOW):
            app = App(tenant_id=str(uuid4()), name=f"Scope {mode.value}", mode=mode.value, enable_site=True)
            sqlite_session.add(app)
>           sqlite_session.flush()

api/tests/unit_tests/controllers/web/test_webapp_passport_scope_extend.py:28: 
_ _ _ _ _ _ _ _ _ _ _ _ _ _ _ _ _ _ _ _ _ _ _ _ _ _ _ _ _ _ _ _ _ _ _ _ _ _ _ _ 
/private/tmp/dify-m02-python-complete/lib/python3.12/site-packages/sqlalchemy/orm/session.py:4331: in flush
    self._flush(objects)
/private/tmp/dify-m02-python-complete/lib/python3.12/site-packages/sqlalchemy/orm/session.py:4466: in _flush
    with util.safe_reraise():
         ^^^^^^^^^^^^^^^^^^^
/private/tmp/dify-m02-python-complete/lib/python3.12/site-packages/sqlalchemy/util/langhelpers.py:121: in __exit__
    raise exc_value.with_traceback(exc_tb)
/private/tmp/dify-m02-python-complete/lib/python3.12/site-packages/sqlalchemy/orm/session.py:4427: in _flush
    flush_context.execute()
/private/tmp/dify-m02-python-complete/lib/python3.12/site-packages/sqlalchemy/orm/unitofwork.py:466: in execute
    rec.execute(self)
/private/tmp/dify-m02-python-complete/lib/python3.12/site-packages/sqlalchemy/orm/unitofwork.py:642: in execute
    util.preloaded.orm_persistence.save_obj(
/private/tmp/dify-m02-python-complete/lib/python3.12/site-packages/sqlalchemy/orm/persistence.py:93: in save_obj
    _emit_insert_statements(
/private/tmp/dify-m02-python-complete/lib/python3.12/site-packages/sqlalchemy/orm/persistence.py:1233: in _emit_insert_statements
    result = connection.execute(
/private/tmp/dify-m02-python-complete/lib/python3.12/site-packages/sqlalchemy/engine/base.py:1419: in execute
    return meth(
/private/tmp/dify-m02-python-complete/lib/python3.12/site-packages/sqlalchemy/sql/elements.py:527: in _execute_on_connection
    return connection._execute_clauseelement(
/private/tmp/dify-m02-python-complete/lib/python3.12/site-packages/sqlalchemy/engine/base.py:1641: in _execute_clauseelement
    ret = self._execute_context(
/private/tmp/dify-m02-python-complete/lib/python3.12/site-packages/sqlalchemy/engine/base.py:1846: in _execute_context
    return self._exec_single_context(
/private/tmp/dify-m02-python-complete/lib/python3.12/site-packages/sqlalchemy/engine/base.py:1986: in _exec_single_context
    self._handle_dbapi_exception(
/private/tmp/dify-m02-python-complete/lib/python3.12/site-packages/sqlalchemy/engine/base.py:2363: in _handle_dbapi_exception
    raise sqlalchemy_exception.with_traceback(exc_info[2]) from e
/private/tmp/dify-m02-python-complete/lib/python3.12/site-packages/sqlalchemy/engine/base.py:1967: in _exec_single_context
    self.dialect.do_execute(
_ _ _ _ _ _ _ _ _ _ _ _ _ _ _ _ _ _ _ _ _ _ _ _ _ _ _ _ _ _ _ _ _ _ _ _ _ _ _ _ 

self = <sqlalchemy.dialects.sqlite.pysqlite.SQLiteDialect_pysqlite object at 0x12ee8a3f0>
cursor = <sqlite3.Cursor object at 0x12e752140>
statement = 'INSERT INTO apps (id, tenant_id, name, description, mode, icon_type, icon, icon_background, app_model_config_id, work...RNING description, api_rpm, api_rph, is_demo, is_public, is_universal, created_at, updated_at, use_icon_as_answer_icon'
parameters = ('a3c1ecf1-6946-4f4f-8925-57037984fcb1', '28faff62-84e6-41d5-8b1b-36b64e6659c9', 'Scope completion', 'completion', None, None, ...)
context = <sqlalchemy.dialects.sqlite.base.SQLiteExecutionContext object at 0x12ee8bc20>

    def do_execute(self, cursor, statement, parameters, context=None):
>       cursor.execute(statement, parameters)
E       sqlalchemy.exc.IntegrityError: (sqlite3.IntegrityError) NOT NULL constraint failed: apps.enable_api
E       [SQL: INSERT INTO apps (id, tenant_id, name, description, mode, icon_type, icon, icon_background, app_model_config_id, workflow_id, status, enable_site, enable_api, max_active_requests, tracing, created_by, maintainer, updated_by) VALUES (?, ?, ?, '', ?, ?, ?, ?, ?, ?, ?, ?, ?, ?, ?, ?, ?, ?) RETURNING description, api_rpm, api_rph, is_demo, is_public, is_universal, created_at, updated_at, use_icon_as_answer_icon]
E       [parameters: ('a3c1ecf1-6946-4f4f-8925-57037984fcb1', '28faff62-84e6-41d5-8b1b-36b64e6659c9', 'Scope completion', 'completion', None, None, None, None, None, 'normal', 1, None, None, None, None, None, None)]
E       (Background on this error at: https://sqlalche.me/e/20/gkpj)

/private/tmp/dify-m02-python-complete/lib/python3.12/site-packages/sqlalchemy/engine/default.py:952: IntegrityError
=============================== warnings summary ===============================
api/core/rag/index_processor/index_processor_base.py:3
  /Users/liuxingwang/go/src/dify-plus/api/core/rag/index_processor/index_processor_base.py:3: DeprecationWarning: 'cgi' is deprecated and slated for removal in Python 3.13
    import cgi

api/core/workflow/nodes/knowledge_retrieval/retrieval.py:20
  /Users/liuxingwang/go/src/dify-plus/api/core/workflow/nodes/knowledge_retrieval/retrieval.py:20: PydanticDeprecatedSince20: Support for class-based `config` is deprecated, use ConfigDict instead. Deprecated in Pydantic V2.0 to be removed in V3.0. See Pydantic V2 Migration Guide at https://errors.pydantic.dev/2.12/migration/
    class SourceMetadata(BaseModel):

tests/unit_tests/libs/test_passport.py::TestPassportService::test_should_issue_and_verify_token
tests/unit_tests/libs/test_passport.py::TestPassportService::test_should_handle_different_payload_types
tests/unit_tests/libs/test_passport.py::TestPassportService::test_should_reject_modified_token
tests/unit_tests/libs/test_passport.py::TestPassportService::test_should_reject_token_with_different_secret_key
tests/unit_tests/libs/test_passport.py::TestPassportService::test_should_use_hs256_algorithm
tests/unit_tests/libs/test_passport.py::TestPassportService::test_should_reject_expired_token
tests/unit_tests/libs/test_passport.py::TestPassportService::test_should_handle_large_payload
tests/unit_tests/libs/test_passport.py::TestPassportService::test_should_handle_special_characters_in_payload
  /private/tmp/dify-m02-python-complete/lib/python3.12/site-packages/jwt/api_jwt.py:147: InsecureKeyLengthWarning: The HMAC key is 27 bytes long, which is below the minimum recommended length of 32 bytes for SHA256. See RFC 7518 Section 3.2.
    return self._jws.encode(

tests/unit_tests/libs/test_passport.py::TestPassportService::test_should_issue_and_verify_token
tests/unit_tests/libs/test_passport.py::TestPassportService::test_should_handle_different_payload_types
tests/unit_tests/libs/test_passport.py::TestPassportService::test_should_reject_modified_token
tests/unit_tests/libs/test_passport.py::TestPassportService::test_should_reject_expired_token
tests/unit_tests/libs/test_passport.py::TestPassportService::test_should_handle_large_payload
tests/unit_tests/libs/test_passport.py::TestPassportService::test_should_handle_special_characters_in_payload
  /private/tmp/dify-m02-python-complete/lib/python3.12/site-packages/jwt/api_jwt.py:368: InsecureKeyLengthWarning: The HMAC key is 27 bytes long, which is below the minimum recommended length of 32 bytes for SHA256. See RFC 7518 Section 3.2.
    decoded = self.decode_complete(

tests/unit_tests/libs/test_passport.py::TestPassportService::test_should_reject_token_with_different_secret_key
  /private/tmp/dify-m02-python-complete/lib/python3.12/site-packages/jwt/api_jwt.py:368: InsecureKeyLengthWarning: The HMAC key is 30 bytes long, which is below the minimum recommended length of 32 bytes for SHA256. See RFC 7518 Section 3.2.
    decoded = self.decode_complete(

tests/unit_tests/libs/test_passport.py::TestPassportService::test_should_reject_token_with_wrong_algorithm
  /private/tmp/dify-m02-python-complete/lib/python3.12/site-packages/jwt/api_jwt.py:147: InsecureKeyLengthWarning: The HMAC key is 27 bytes long, which is below the minimum recommended length of 64 bytes for SHA512. See RFC 7518 Section 3.2.
    return self._jws.encode(

-- Docs: https://docs.pytest.org/en/stable/how-to/capture-warnings.html
=========================== short test summary info ============================
ERROR api/tests/unit_tests/controllers/web/test_webapp_passport_scope_extend.py::test_same_app_passport_resolves_real_app_and_anonymous_browser_user[header-0]
ERROR api/tests/unit_tests/controllers/web/test_webapp_passport_scope_extend.py::test_same_app_passport_resolves_real_app_and_anonymous_browser_user[header-1]
ERROR api/tests/unit_tests/controllers/web/test_webapp_passport_scope_extend.py::test_same_app_passport_resolves_real_app_and_anonymous_browser_user[header-2]
ERROR api/tests/unit_tests/controllers/web/test_webapp_passport_scope_extend.py::test_same_app_passport_resolves_real_app_and_anonymous_browser_user[query-0]
ERROR api/tests/unit_tests/controllers/web/test_webapp_passport_scope_extend.py::test_same_app_passport_resolves_real_app_and_anonymous_browser_user[query-1]
ERROR api/tests/unit_tests/controllers/web/test_webapp_passport_scope_extend.py::test_same_app_passport_resolves_real_app_and_anonymous_browser_user[query-2]
ERROR api/tests/unit_tests/controllers/web/test_webapp_passport_scope_extend.py::test_same_app_passport_resolves_real_app_and_anonymous_browser_user[cookie-0]
ERROR api/tests/unit_tests/controllers/web/test_webapp_passport_scope_extend.py::test_same_app_passport_resolves_real_app_and_anonymous_browser_user[cookie-1]
ERROR api/tests/unit_tests/controllers/web/test_webapp_passport_scope_extend.py::test_same_app_passport_resolves_real_app_and_anonymous_browser_user[cookie-2]
ERROR api/tests/unit_tests/controllers/web/test_webapp_passport_scope_extend.py::test_same_app_passport_resolves_real_app_and_anonymous_browser_user[no_explicit_code-0]
ERROR api/tests/unit_tests/controllers/web/test_webapp_passport_scope_extend.py::test_same_app_passport_resolves_real_app_and_anonymous_browser_user[no_explicit_code-1]
ERROR api/tests/unit_tests/controllers/web/test_webapp_passport_scope_extend.py::test_same_app_passport_resolves_real_app_and_anonymous_browser_user[no_explicit_code-2]
ERROR api/tests/unit_tests/controllers/web/test_webapp_passport_scope_extend.py::test_cross_app_scope_rejected_before_database_or_enterprise_dispatch[False-header-pair0]
ERROR api/tests/unit_tests/controllers/web/test_webapp_passport_scope_extend.py::test_cross_app_scope_rejected_before_database_or_enterprise_dispatch[False-header-pair1]
ERROR api/tests/unit_tests/controllers/web/test_webapp_passport_scope_extend.py::test_cross_app_scope_rejected_before_database_or_enterprise_dispatch[False-query-pair0]
ERROR api/tests/unit_tests/controllers/web/test_webapp_passport_scope_extend.py::test_cross_app_scope_rejected_before_database_or_enterprise_dispatch[False-query-pair1]
ERROR api/tests/unit_tests/controllers/web/test_webapp_passport_scope_extend.py::test_cross_app_scope_rejected_before_database_or_enterprise_dispatch[False-conflicting_header_and_query-pair0]
ERROR api/tests/unit_tests/controllers/web/test_webapp_passport_scope_extend.py::test_cross_app_scope_rejected_before_database_or_enterprise_dispatch[False-conflicting_header_and_query-pair1]
ERROR api/tests/unit_tests/controllers/web/test_webapp_passport_scope_extend.py::test_cross_app_scope_rejected_before_database_or_enterprise_dispatch[True-header-pair0]
ERROR api/tests/unit_tests/controllers/web/test_webapp_passport_scope_extend.py::test_cross_app_scope_rejected_before_database_or_enterprise_dispatch[True-header-pair1]
ERROR api/tests/unit_tests/controllers/web/test_webapp_passport_scope_extend.py::test_cross_app_scope_rejected_before_database_or_enterprise_dispatch[True-query-pair0]
ERROR api/tests/unit_tests/controllers/web/test_webapp_passport_scope_extend.py::test_cross_app_scope_rejected_before_database_or_enterprise_dispatch[True-query-pair1]
ERROR api/tests/unit_tests/controllers/web/test_webapp_passport_scope_extend.py::test_cross_app_scope_rejected_before_database_or_enterprise_dispatch[True-conflicting_header_and_query-pair0]
ERROR api/tests/unit_tests/controllers/web/test_webapp_passport_scope_extend.py::test_cross_app_scope_rejected_before_database_or_enterprise_dispatch[True-conflicting_header_and_query-pair1]
ERROR api/tests/unit_tests/controllers/web/test_webapp_passport_scope_extend.py::test_missing_and_wrong_signature_passports_remain_unauthorized[missing]
ERROR api/tests/unit_tests/controllers/web/test_webapp_passport_scope_extend.py::test_missing_and_wrong_signature_passports_remain_unauthorized[invalid_signature]
================== 52 passed, 18 warnings, 26 errors in 5.70s ==================
